赛区,场次号,赛程,局号,game_id,阵营,学校名,对手学校,是否胜方,时长秒,造成非判罚伤害,受非判罚伤害,发弹17,发弹42,装配次数,首次装配时间,平均装配耗时,装配L1,装配L2,装配L3,飞镖命中数,飞镖伤害,飞镖命中基地,飞镖命中前哨,小能量激活,大能量激活,易伤机器人秒,易伤行占比,末总金币,末剩余金币,末基地血量,末前哨血量,末总血量,消耗金币估计,总发弹,伤害每百发,队伍类别
东部赛区,7,【东部赛区】第7场,1,1779339732301,红,华东理工大学,中国矿业大学,1,420,5635.0,1732.0,1187,0,2.0,66.0,17.5,1.0,1.0,0.0,1.0,625.0,1.0,0.0,1.0,0.0,234,0.06980906921241051,3175.0,1633.0,5000.0,650.0,7306.0,1542.0,1187,474.726200505476,全国赛
东部赛区,7,【东部赛区】第7场,2,1779340406572,红,华东理工大学,中国矿业大学,1,420,7281.0,1015.0,1552,25,4.0,84.0,25.666666666666668,1.0,1.0,2.0,0.0,0.0,0.0,0.0,0.0,0.0,574,0.17124105011933174,3480.0,1908.0,5000.0,1480.0,7936.0,1572.0,1577,461.69942929613194,全国赛
东部赛区,16,【东部赛区】第16场,1,1779358048590,红,北京理工大学（珠海）,合肥工业大学（宣城校区）,0,420,1747.0,3595.0,513,3,0.0,0.0,0.0,0.0,0.0,0.0,0.0,0.0,0.0,0.0,0.0,0.0,0,0.0,875.0,352.0,5000.0,0.0,5865.0,523.0,516,338.5658914728682,全国赛
东部赛区,16,【东部赛区】第16场,2,1779358859920,红,北京理工大学（珠海）,合肥工业大学（宣城校区）,0,420,1969.0,3822.0,940,0,2.0,162.0,36.5,1.0,1.0,0.0,0.0,0.0,0.0,0.0,0.0,0.0,0,0.0,2525.0,1500.0,5000.0,0.0,5500.0,1025.0,940,209.468085106383,全国赛
东部赛区,18,【东部赛区】第18场,1,1779366053174,红,华东理工大学,中国石油大学（华东）,0,420,4211.0,7064.0,750,26,1.0,85.0,22.0,1.0,0.0,0.0,0.0,0.0,0.0,0.0,1.0,0.0,898,0.2678997613365155,2525.0,385.0,5000.0,0.0,5509.0,2140.0,776,542.6546391752577,全国赛
东部赛区,18,【东部赛区】第18场,2,1779366872029,红,华东理工大学,中国石油大学（华东）,0,420,4713.0,6741.0,541,30,4.0,58.0,25.333333333333332,1.0,1.0,2.0,0.0,0.0,0.0,0.0,1.0,0.0,0,0.0,3865.0,312.0,3560.0,0.0,4425.0,3553.0,571,825.3940455341507,全国赛
东部赛区,25,【东部赛区】第25场,1,1779417187459,红,江南大学霞客湾校区,南方科技大学,1,420,4855.0,2843.0,1538,14,2.0,224.0,25.0,1.0,1.0,0.0,0.0,0.0,0.0,0.0,0.0,0.0,267,0.07965393794749404,2225.0,396.0,5000.0,410.0,7025.0,1829.0,1552,312.82216494845363,复活赛
东部赛区,25,【东部赛区】第25场,2,1779419646097,红,江南大学霞客湾校区,南方科技大学,1,420,5090.0,4388.0,1248,21,2.0,169.0,27.5,1.0,1.0,0.0,0.0,0.0,0.0,0.0,0.0,0.0,0,0.0,2150.0,482.0,5000.0,0.0,5725.0,1668.0,1269,401.10323089046494,复活赛
东部赛区,26,【东部赛区】第26场,1,1779420519460,红,山东科技大学,哈尔滨工业大学（深圳）,1,420,3302.0,2121.0,1120,43,2.0,122.0,12.5,1.0,1.0,0.0,0.0,0.0,0.0,0.0,2.0,0.0,0,0.0,2975.0,1130.0,5000.0,0.0,6374.0,1845.0,1163,283.920894239037,全国赛
东部赛区,26,【东部赛区】第26场,2,1779460446142,红,山东科技大学,哈尔滨工业大学（深圳）,0,420,3684.0,5875.0,1117,29,3.0,114.0,12.75,1.0,2.0,0.0,0.0,0.0,0.0,0.0,2.0,0.0,1702,0.5077565632458234,3185.0,394.0,5000.0,0.0,5776.0,2791.0,1146,321.4659685863874,全国赛
东部赛区,26,【东部赛区】第26场,3,1779461100692,红,山东科技大学,哈尔滨工业大学（深圳）,1,420,6124.0,4314.0,1396,18,3.0,149.0,18.333333333333332,1.0,1.0,1.0,2.0,1250.0,2.0,0.0,0.0,0.0,1823,0.5443415945058226,3100.0,625.0,4325.0,0.0,5610.0,2475.0,1414,433.09759547383305,全国赛
东部赛区,38,【东部赛区】第38场,1,1779452330931,红,南京航空航天大学金城学院,中国矿业大学,1,420,5833.0,3493.0,1063,10,0.0,0.0,0.0,0.0,0.0,0.0,0.0,0.0,0.0,0.0,0.0,0.0,0,0.0,800.0,115.0,5000.0,0.0,5705.0,685.0,1073,543.6160298229264,复活赛
东部赛区,38,【东部赛区】第38场,2,1779453031879,红,南京航空航天大学金城学院,中国矿业大学,1,420,3930.0,3210.0,1067,9,0.0,0.0,0.0,0.0,0.0,0.0,0.0,0.0,0.0,0.0,0.0,0.0,0,0.0,800.0,140.0,5000.0,0.0,5878.0,660.0,1076,365.24163568773236,复活赛
东部赛区,41,【东部赛区】第41场,1,1779496373411,红,合肥工业大学（宣城校区）,山东科技大学,0,420,3871.0,4997.0,983,22,2.0,80.0,14.0,1.0,1.0,0.0,0.0,0.0,0.0,0.0,0.0,0.0,0,0.0,2875.0,463.0,4525.0,0.0,5542.0,2412.0,1005,385.17412935323387,全国赛
东部赛区,41,【东部赛区】第41场,2,1779497052576,红,合肥工业大学（宣城校区）,山东科技大学,0,420,3262.0,4649.0,883,42,3.0,83.0,28.666666666666668,1.0,1.0,1.0,0.0,0.0,0.0,0.0,0.0,0.0,881,0.26282816229116945,3525.0,287.0,5000.0,0.0,5400.0,3238.0,925,352.64864864864865,全国赛
东部赛区,42,【东部赛区】第42场,1,1779497941858,红,江南大学霞客湾校区,浙江大学,0,420,2862.0,3917.0,1066,21,2.0,174.0,49.0,1.0,1.0,0.0,0.0,0.0,0.0,0.0,0.0,0.0,0,0.0,2100.0,547.0,4525.0,0.0,5514.0,1553.0,1087,263.29346826126954,复活赛
东部赛区,42,【东部赛区】第42场,2,1779498722309,红,江南大学霞客湾校区,浙江大学,0,420,5091.0,4632.0,1205,22,4.0,98.0,45.5,1.0,2.0,1.0,0.0,0.0,0.0,0.0,1.0,0.0,1028,0.30668257756563244,3555.0,374.0,4525.0,0.0,5595.0,3181.0,1227,414.91442542787286,复活赛
东部赛区,51,【东部赛区】第51场,1,1779520539290,红,太原科技大学,南京航空航天大学金城学院,1,420,5329.0,4729.0,1537,5,3.0,171.0,29.666666666666668,1.0,1.0,1.0,0.0,0.0,0.0,0.0,0.0,0.0,1627,0.485381861575179,2650.0,746.0,5000.0,0.0,5767.0,1904.0,1542,345.5901426718548,复活赛
东部赛区,51,【东部赛区】第51场,2,1779521217232,红,太原科技大学,南京航空航天大学金城学院,0,420,3742.0,4315.0,1227,0,3.0,113.0,43.0,1.0,1.0,1.0,0.0,0.0,0.0,0.0,0.0,0.0,1587,0.47344868735083534,3400.0,1168.0,5000.0,0.0,6197.0,2232.0,1227,304.9714751426243,复活赛
东部赛区,51,【东部赛区】第51场,3,1779521960092,红,太原科技大学,南京航空航天大学金城学院,0,420,3286.0,4207.0,1266,12,3.0,203.0,30.333333333333332,1.0,1.0,1.0,0.0,0.0,0.0,0.0,0.0,0.0,1629,0.48597852028639615,2575.0,501.0,5000.0,0.0,5879.0,2074.0,1278,257.1205007824726,复活赛
东部赛区,55,【东部赛区】第55场,1,1779528983756,红,江南大学霞客湾校区,合肥工业大学（宣城校区）,0,420,4592.0,6011.0,1273,20,2.0,114.0,21.0,1.0,1.0,0.0,0.0,0.0,0.0,0.0,0.0,0.0,0,0.0,3025.0,378.0,5000.0,0.0,5429.0,2647.0,1293,355.1430781129157,复活赛
东部赛区,55,【东部赛区】第55场,2,1779529644496,红,江南大学霞客湾校区,合肥工业大学（宣城校区）,1,420,3715.0,3628.0,768,39,3.0,97.0,44.333333333333336,1.0,1.0,1.0,0.0,0.0,0.0,0.0,0.0,0.0,0,0.0,3500.0,1127.0,5000.0,0.0,6368.0,2373.0,807,460.3469640644362,复活赛
东部赛区,55,【东部赛区】第55场,3,1779530437725,红,江南大学霞客湾校区,合肥工业大学（宣城校区）,0,420,3511.0,5021.0,982,6,0.0,0.0,0.0,0.0,0.0,0.0,0.0,0.0,0.0,0.0,0.0,0.0,0,0.0,875.0,232.0,5000.0,0.0,5890.0,643.0,988,355.3643724696356,复活赛
东部赛区,57,【东部赛区】第57场,1,1779538151452,红,哈尔滨工业大学（深圳）,南方科技大学,0,420,5106.0,4813.0,1232,19,2.0,169.0,44.0,1.0,1.0,0.0,0.0,0.0,0.0,0.0,2.0,1.0,166,0.049522673031026254,2200.0,1220.0,2694.0,0.0,3483.0,980.0,1251,408.1534772182255,全国赛
东部赛区,57,【东部赛区】第57场,2,1779538958021,红,哈尔滨工业大学（深圳）,南方科技大学,1,420,5105.0,2935.0,1033,41,3.0,138.0,23.666666666666668,1.0,1.0,1.0,0.0,0.0,0.0,0.0,0.0,0.0,578,0.1724343675417661,3325.0,1565.0,5000.0,0.0,6041.0,1760.0,1074,475.3258845437617,全国赛
东部赛区,57,【东部赛区】第57场,3,1779539822176,红,哈尔滨工业大学（深圳）,南方科技大学,1,420,3336.0,3328.0,1135,22,2.0,94.0,10.0,1.0,1.0,0.0,0.0,0.0,0.0,0.0,1.0,0.0,502,0.14976133651551313,3200.0,383.0,5000.0,0.0,5619.0,2817.0,1157,288.33189282627484,全国赛
东部赛区,67,【东部赛区】第67场,1,1779603144791,红,山东科技大学,太原科技大学,1,420,6555.0,3216.0,1251,48,3.0,141.0,19.5,1.0,2.0,0.0,1.0,625.0,1.0,0.0,2.0,0.0,5,0.0014916467780429594,2925.0,989.0,5000.0,0.0,6537.0,1936.0,1299,504.61893764434177,全国赛
东部赛区,67,【东部赛区】第67场,2,1779604013536,红,山东科技大学,太原科技大学,1,420,5159.0,4700.0,1345,40,4.0,132.0,9.833333333333332,1.0,3.0,0.0,0.0,0.0,0.0,0.0,1.0,0.0,418,0.1247016706443914,3230.0,525.0,4850.0,0.0,5309.0,2705.0,1385,372.4909747292419,全国赛
东部赛区,68,【东部赛区】第68场,1,1779605093745,红,北京理工大学（珠海）,南京航空航天大学金城学院,1,420,3617.0,3130.0,1098,5,0.0,0.0,0.0,0.0,0.0,0.0,0.0,0.0,0.0,0.0,0.0,0.0,1300,0.4432321854756222,875.0,155.0,5000.0,0.0,5325.0,720.0,1103,327.9238440616501,全国赛
东部赛区,68,【东部赛区】第68场,2,1779605808336,红,北京理工大学（珠海）,南京航空航天大学金城学院,1,420,2390.0,2200.0,870,1,0.0,0.0,0.0,0.0,0.0,0.0,0.0,0.0,0.0,0.0,0.0,0.0,1510,0.5148312308216842,875.0,255.0,5000.0,0.0,5450.0,620.0,871,274.3972445464983,全国赛
东部赛区,69,【东部赛区】第69场,1,1779606939798,红,中国矿业大学,浙江大学,0,420,3087.0,6678.0,1230,15,0.0,0.0,0.0,0.0,0.0,0.0,0.0,0.0,0.0,0.0,0.0,0.0,1450,0.43257756563245825,875.0,26.0,2265.0,0.0,2965.0,849.0,1245,247.95180722891564,复活赛
东部赛区,69,【东部赛区】第69场,2,1779607648809,红,中国矿业大学,浙江大学,0,420,1192.0,8348.0,276,19,0.0,0.0,0.0,0.0,0.0,0.0,0.0,0.0,0.0,0.0,0.0,0.0,1452,0.4950562563927719,875.0,185.0,1790.0,0.0,1980.0,690.0,295,404.0677966101695,复活赛
东部赛区,70,【东部赛区】第70场,1,1779608504282,红,华东理工大学,江南大学霞客湾校区,1,420,6537.0,5041.0,1490,17,3.0,136.0,19.0,1.0,1.0,1.0,2.0,1250.0,2.0,0.0,1.0,1.0,0,0.0,3050.0,1161.0,4950.0,0.0,5698.0,1889.0,1507,433.7757133377571,全国赛
东部赛区,70,【东部赛区】第70场,2,1779609177426,红,华东理工大学,江南大学霞客湾校区,0,420,4150.0,4401.0,1094,12,2.0,87.0,33.5,1.0,1.0,0.0,0.0,0.0,0.0,0.0,2.0,0.0,0,0.0,3000.0,253.0,4750.0,0.0,5607.0,2747.0,1106,375.2260397830018,全国赛
东部赛区,70,【东部赛区】第70场,3,1779609917490,红,华东理工大学,江南大学霞客湾校区,1,420,5443.0,2431.0,1408,20,4.0,62.0,23.666666666666668,1.0,1.0,2.0,0.0,0.0,0.0,0.0,1.0,0.0,0,0.0,3720.0,2174.0,5000.0,0.0,6313.0,1546.0,1428,381.16246498599435,全国赛
东部赛区,72,【东部赛区】第72场,1,1779613180708,红,南京理工大学,南方科技大学,1,420,4172.0,4945.0,1333,20,6.0,90.0,20.5,1.0,4.0,1.0,1.0,200.0,1.0,0.0,0.0,0.0,1,0.0002983293556085919,4125.0,379.0,5000.0,0.0,5685.0,3746.0,1353,308.3518107908352,全国赛
东部赛区,72,【东部赛区】第72场,2,1779614125704,红,南京理工大学,南方科技大学,1,420,3648.0,2336.0,1375,11,6.0,89.0,15.416666666666666,1.0,4.0,1.0,1.0,200.0,1.0,0.0,0.0,0.0,0,0.0,4105.0,2737.0,5000.0,0.0,6504.0,1368.0,1386,263.20346320346323,全国赛
东部赛区,73,【东部赛区】第73场,1,1779615070122,红,哈尔滨工业大学（深圳）,中国科学技术大学,0,420,3514.0,4006.0,658,11,3.0,116.0,28.0,1.0,1.0,1.0,0.0,0.0,0.0,0.0,2.0,2.0,0,0.0,3425.0,1395.0,5000.0,0.0,5666.0,2030.0,669,525.2615844544096,全国赛
东部赛区,73,【东部赛区】第73场,2,1779615925143,红,哈尔滨工业大学（深圳）,中国科学技术大学,1,420,5094.0,5042.0,1410,15,3.0,127.0,25.0,1.0,1.0,1.0,0.0,0.0,0.0,0.0,1.0,0.0,1660,0.49522673031026254,3050.0,834.0,5000.0,0.0,5431.0,2216.0,1425,357.4736842105263,全国赛
东部赛区,73,【东部赛区】第73场,3,1779616628393,红,哈尔滨工业大学（深圳）,中国科学技术大学,1,420,5494.0,3220.0,1323,52,5.0,105.0,25.333333333333332,1.0,3.0,1.0,0.0,0.0,0.0,0.0,1.0,1.0,1610,0.48031026252983294,3700.0,964.0,5000.0,0.0,6380.0,2736.0,1375,399.56363636363636,全国赛
东部赛区,75,【东部赛区】第75场,1,1779623589761,红,山东科技大学,北京理工大学（珠海）,1,420,7024.0,3596.0,1294,44,4.0,140.0,26.833333333333332,1.0,1.0,2.0,0.0,0.0,0.0,0.0,0.0,0.0,723,0.21569212410501193,3175.0,720.0,5000.0,0.0,6092.0,2455.0,1338,524.9626307922272,全国赛
东部赛区,75,【东部赛区】第75场,2,1779624263540,红,山东科技大学,北京理工大学（珠海）,1,417,9789.0,3615.0,1382,44,3.0,172.0,21.333333333333332,1.0,1.0,1.0,2.0,1250.0,2.0,0.0,0.0,1.0,1251,0.375,2850.0,539.0,5000.0,0.0,6336.0,2311.0,1426,686.4656381486676,全国赛
东部赛区,76,【东部赛区】第76场,1,1779625095053,红,华东理工大学,浙江大学,0,420,6217.0,6183.0,1494,17,1.0,50.0,15.0,1.0,0.0,0.0,0.0,0.0,0.0,0.0,1.0,1.0,1210,0.36097852028639615,2675.0,16.0,4525.0,0.0,4863.0,2659.0,1511,411.44937127729986,全国赛
东部赛区,76,【东部赛区】第76场,2,1779625969935,红,华东理工大学,浙江大学,0,420,6230.0,6507.0,1004,19,1.0,45.0,9.0,1.0,0.0,0.0,0.0,0.0,0.0,0.0,2.0,3.0,1217,0.3630668257756563,2725.0,458.0,3900.0,0.0,4226.0,2267.0,1023,608.9931573802542,全国赛
东部赛区,77,【东部赛区】第77场,1,1779626887586,红,合肥工业大学（宣城校区）,南京理工大学,1,420,5989.0,4010.0,1597,33,3.0,90.0,38.0,1.0,1.0,1.0,1.0,200.0,1.0,0.0,0.0,0.0,116,0.034606205250596656,3525.0,1633.0,5000.0,0.0,6444.0,1892.0,1630,367.4233128834356,全国赛
东部赛区,77,【东部赛区】第77场,2,1779627739094,红,合肥工业大学（宣城校区）,南京理工大学,0,420,3014.0,4036.0,907,28,2.0,98.0,18.5,1.0,1.0,0.0,0.0,0.0,0.0,0.0,0.0,0.0,118,0.04023184452778725,3050.0,338.0,4830.0,0.0,5430.0,2712.0,935,322.3529411764706,全国赛
东部赛区,77,【东部赛区】第77场,3,1779628814225,红,合肥工业大学（宣城校区）,南京理工大学,1,420,4179.0,3033.0,573,34,3.0,127.0,31.0,1.0,1.0,1.0,0.0,0.0,0.0,0.0,0.0,0.0,152,0.045346062052505964,3400.0,578.0,5000.0,0.0,5986.0,2822.0,607,688.4678747940692,全国赛
东部赛区,78,【东部赛区】第78场,1,1779629878921,红,中国石油大学（华东）,哈尔滨工业大学（深圳）,1,420,8045.0,3990.0,1790,17,3.0,130.0,27.0,1.0,1.0,1.0,0.0,0.0,0.0,0.0,2.0,1.0,1359,0.40542959427207637,3200.0,1198.0,4805.0,0.0,6108.0,2002.0,1807,445.213060320974,全国赛
东部赛区,78,【东部赛区】第78场,2,1779630576623,红,中国石油大学（华东）,哈尔滨工业大学（深圳）,1,420,9936.0,1477.0,1874,29,3.0,99.0,17.333333333333332,1.0,1.0,1.0,0.0,0.0,0.0,0.0,2.0,0.0,1193,0.3559069212410501,3800.0,778.0,5000.0,1500.0,8384.0,3022.0,1903,522.1229637414608,全国赛
东部赛区,79,【东部赛区】第79场,1,1779669143306,红,太原科技大学,南京航空航天大学金城学院,0,420,3298.0,5772.0,1232,0,1.0,120.0,39.0,1.0,0.0,0.0,2.0,400.0,2.0,0.0,0.0,0.0,1852,0.5525059665871122,2250.0,664.0,2770.0,0.0,3065.0,1586.0,1232,267.6948051948052,复活赛
东部赛区,79,【东部赛区】第79场,2,1779670004904,红,太原科技大学,南京航空航天大学金城学院,1,420,3178.0,2930.0,952,0,1.0,73.0,20.0,1.0,0.0,0.0,2.0,400.0,2.0,0.0,0.0,0.0,1501,0.511762700306853,2500.0,972.0,5000.0,0.0,5464.0,1528.0,952,333.8235294117647,复活赛
东部赛区,79,【东部赛区】第79场,3,1779670730962,红,太原科技大学,南京航空航天大学金城学院,0,420,2949.0,3261.0,1471,0,0.0,0.0,0.0,0.0,0.0,0.0,0.0,0.0,0.0,0.0,0.0,0.0,1371,0.46743948175929084,800.0,184.0,5000.0,0.0,5608.0,616.0,1471,200.47586675730798,复活赛
东部赛区,80,【东部赛区】第80场,1,1779671772257,红,江南大学霞客湾校区,中国矿业大学,0,420,3924.0,4632.0,936,15,2.0,164.0,25.0,1.0,1.0,0.0,0.0,0.0,0.0,0.0,0.0,0.0,1463,0.43645584725536996,2375.0,520.0,5000.0,0.0,6325.0,1855.0,951,412.61829652996846,复活赛
东部赛区,80,【东部赛区】第80场,2,1779672632222,红,江南大学霞客湾校区,中国矿业大学,1,420,3781.0,2823.0,998,21,1.0,360.0,31.0,1.0,0.0,0.0,0.0,0.0,0.0,0.0,0.0,0.0,1393,0.4155727923627685,1125.0,362.0,5000.0,0.0,5972.0,763.0,1019,371.0500490677135,复活赛
东部赛区,80,【东部赛区】第80场,3,1779673399850,红,江南大学霞客湾校区,中国矿业大学,0,420,3495.0,3965.0,700,15,0.0,0.0,0.0,0.0,0.0,0.0,0.0,0.0,0.0,0.0,0.0,0.0,1253,0.3738066825775656,875.0,33.0,5000.0,0.0,6241.0,842.0,715,488.81118881118886,复活赛
东部赛区,83,【东部赛区】第83场,1,1779678396942,红,山东科技大学,合肥工业大学（宣城校区）,1,420,6041.0,4810.0,1314,32,4.0,106.0,22.666666666666668,1.0,2.0,1.0,1.0,625.0,1.0,0.0,1.0,0.0,0,0.0,3575.0,1573.0,5000.0,0.0,5682.0,2002.0,1346,448.8112927191679,全国赛
东部赛区,83,【东部赛区】第83场,2,1779679103923,红,山东科技大学,合肥工业大学（宣城校区）,1,420,6109.0,2887.0,1218,30,2.0,122.0,9.0,1.0,1.0,0.0,2.0,1250.0,2.0,0.0,1.0,0.0,0,0.0,2950.0,960.0,5000.0,0.0,6072.0,1990.0,1248,489.5032051282051,全国赛
东部赛区,84,【东部赛区】第84场,1,1779680109182,红,浙江大学,中国石油大学（华东）,0,420,5117.0,6107.0,1429,10,1.0,170.0,17.0,1.0,0.0,0.0,0.0,0.0,0.0,0.0,2.0,1.0,1720,0.513126491646778,2200.0,201.0,5000.0,0.0,6210.0,1999.0,1439,355.59416261292563,全国赛
东部赛区,84,【东部赛区】第84场,2,1779680995990,红,浙江大学,中国石油大学（华东）,0,420,4756.0,8569.0,1286,7,0.0,0.0,0.0,0.0,0.0,0.0,0.0,0.0,0.0,0.0,0.0,0.0,1308,0.3902147971360382,1000.0,188.0,1920.0,0.0,2760.0,812.0,1293,367.82675947409126,全国赛
东部赛区,87,【东部赛区】第87场,1,1779689998185,红,合肥工业大学（宣城校区）,浙江大学,1,420,5655.0,4952.0,1420,37,2.0,194.0,17.0,1.0,1.0,0.0,0.0,0.0,0.0,0.0,0.0,0.0,1188,0.35441527446300713,2175.0,305.0,5000.0,0.0,6022.0,1870.0,1457,388.12628689087165,全国赛
东部赛区,87,【东部赛区】第87场,2,1779690820249,红,合肥工业大学（宣城校区）,浙江大学,1,420,6102.0,3597.0,1322,40,3.0,81.0,31.333333333333332,1.0,1.0,1.0,1.0,200.0,1.0,0.0,0.0,0.0,1267,0.3779832935560859,3700.0,1608.0,5000.0,0.0,6472.0,2092.0,1362,448.01762114537445,全国赛
东部赛区,87,【东部赛区】第87场,3,1779692086876,红,合肥工业大学（宣城校区）,浙江大学,0,420,4128.0,5486.0,1048,40,4.0,104.0,25.666666666666668,1.0,1.0,2.0,0.0,0.0,0.0,0.0,0.0,0.0,1417,0.4227326968973747,3785.0,612.0,3728.0,0.0,4218.0,3173.0,1088,379.4117647058823,全国赛
东部赛区,87,【东部赛区】第87场,4,1779692812687,红,合肥工业大学（宣城校区）,浙江大学,1,420,4497.0,3054.0,761,35,2.0,169.0,17.0,1.0,1.0,0.0,0.0,0.0,0.0,0.0,0.0,0.0,116,0.03954994885782475,2325.0,604.0,5000.0,0.0,6076.0,1721.0,796,564.9497487437186,全国赛
东部赛区,88,【东部赛区】第88场,1,1779693823256,红,山东科技大学,中国石油大学（华东）,1,420,5658.0,4788.0,1396,10,0.0,0.0,0.0,0.0,0.0,0.0,1.0,625.0,1.0,0.0,1.0,1.0,0,0.0,875.0,0.0,4820.0,0.0,6203.0,875.0,1406,402.4182076813656,全国赛
东部赛区,88,【东部赛区】第88场,2,1779694694514,红,山东科技大学,中国石油大学（华东）,0,420,4046.0,4411.0,1068,8,0.0,0.0,0.0,0.0,0.0,0.0,0.0,0.0,0.0,0.0,1.0,1.0,1310,0.39081145584725535,875.0,14.0,4945.0,0.0,5468.0,861.0,1076,376.02230483271376,全国赛
东部赛区,88,【东部赛区】第88场,3,1779696117794,红,山东科技大学,中国石油大学（华东）,0,420,2734.0,4999.0,829,0,0.0,0.0,0.0,0.0,0.0,0.0,0.0,0.0,0.0,0.0,0.0,0.0,1485,0.443019093078759,875.0,153.0,4421.0,0.0,4521.0,722.0,829,329.79493365500605,全国赛
东部赛区,88,【东部赛区】第88场,4,1779697007200,红,山东科技大学,中国石油大学（华东）,0,420,3602.0,6381.0,942,3,0.0,0.0,0.0,0.0,0.0,0.0,0.0,0.0,0.0,0.0,2.0,0.0,1339,0.3994630071599045,875.0,156.0,3185.0,0.0,3375.0,719.0,945,381.16402116402116,全国赛
北部赛区,4,【北部赛区】第4场,1,1780022425775,红,山东理工大学,西北工业大学,0,420,3903.0,2948.0,1175,8,4.0,124.0,15.5,1.0,1.0,2.0,1.0,200.0,1.0,0.0,0.0,0.0,0,0.0,3660.0,2101.0,4475.0,0.0,5984.0,1559.0,1183,329.92392223161454,复活赛
北部赛区,4,【北部赛区】第4场,2,1780023092529,红,山东理工大学,西北工业大学,1,420,3784.0,1648.0,1332,15,4.0,125.0,19.666666666666668,1.0,1.0,2.0,0.0,0.0,0.0,0.0,0.0,0.0,0,0.0,3365.0,1152.0,5000.0,1047.0,7218.0,2213.0,1347,280.920564216778,复活赛
北部赛区,4,【北部赛区】第4场,3,1780023778771,红,山东理工大学,西北工业大学,0,420,3322.0,3274.0,1003,0,0.0,0.0,0.0,0.0,0.0,0.0,0.0,0.0,0.0,0.0,0.0,0.0,0,0.0,875.0,333.0,4850.0,0.0,5795.0,542.0,1003,331.2063808574277,复活赛
北部赛区,8,【北部赛区】第8场,1,1780033932148,红,长安大学,西安电子科技大学,0,420,1427.0,2200.0,101,44,0.0,0.0,0.0,0.0,0.0,0.0,0.0,0.0,0.0,0.0,0.0,0.0,0,0.0,800.0,74.0,5000.0,0.0,5879.0,726.0,145,984.1379310344827,全国赛
北部赛区,8,【北部赛区】第8场,2,1780034699553,红,长安大学,西安电子科技大学,0,420,2291.0,3127.0,336,37,3.0,155.0,18.666666666666668,1.0,1.0,1.0,0.0,0.0,0.0,0.0,0.0,0.0,367,0.10948687350835322,3125.0,181.0,5000.0,0.0,6069.0,2944.0,373,614.2091152815013,全国赛
北部赛区,11,【北部赛区】第11场,1,1780039222177,红,大连理工大学,沈阳理工大学,0,420,3598.0,3927.0,1017,9,0.0,0.0,0.0,0.0,0.0,0.0,0.0,0.0,0.0,0.0,0.0,0.0,0,0.0,950.0,374.0,4950.0,0.0,5115.0,576.0,1026,350.682261208577,全国赛
北部赛区,11,【北部赛区】第11场,2,1780039913860,红,大连理工大学,沈阳理工大学,0,420,3937.0,5799.0,1103,11,1.0,197.0,30.0,1.0,0.0,0.0,1.0,300.0,1.0,0.0,0.0,0.0,0,0.0,2050.0,582.0,3260.0,0.0,4072.0,1468.0,1114,353.411131059246,全国赛
北部赛区,17,【北部赛区】第17场,1,1780056217882,红,西北工业大学,哈尔滨工业大学,1,420,3405.0,2279.0,1474,15,0.0,0.0,0.0,0.0,0.0,0.0,0.0,0.0,0.0,0.0,0.0,0.0,0,0.0,875.0,282.0,5000.0,0.0,5976.0,593.0,1489,228.67696440564137,全国赛
北部赛区,17,【北部赛区】第17场,2,1780056975308,红,西北工业大学,哈尔滨工业大学,1,420,4858.0,1801.0,1388,22,0.0,0.0,0.0,0.0,0.0,0.0,0.0,0.0,0.0,0.0,0.0,0.0,277,0.09444255028980567,875.0,265.0,5000.0,0.0,6056.0,610.0,1410,344.5390070921986,全国赛
北部赛区,18,【北部赛区】第18场,1,1780057880180,红,西安交通大学,哈尔滨工业大学（威海）,1,420,7385.0,4917.0,785,0,4.0,95.0,15.0,1.0,1.0,2.0,0.0,0.0,0.0,0.0,1.0,0.0,1634,0.48747016706443913,4025.0,2725.0,5000.0,0.0,5680.0,1300.0,785,940.7643312101911,全国赛
北部赛区,18,【北部赛区】第18场,2,1780058695874,红,西安交通大学,哈尔滨工业大学（威海）,1,420,7692.0,4543.0,804,36,3.0,84.0,19.0,1.0,1.0,1.0,1.0,625.0,1.0,0.0,2.0,1.0,1789,0.6099556767814525,3950.0,640.0,5000.0,0.0,6144.0,3310.0,840,915.7142857142857,全国赛
北部赛区,26,【北部赛区】第26场,1,1780111494555,红,沈阳理工大学,同济大学,0,420,3138.0,7368.0,1008,2,0.0,0.0,0.0,0.0,0.0,0.0,0.0,0.0,0.0,0.0,0.0,0.0,513,0.15304295942720764,875.0,27.0,3060.0,0.0,3410.0,848.0,1010,310.6930693069307,复活赛
北部赛区,26,【北部赛区】第26场,2,1780112285247,红,沈阳理工大学,同济大学,0,420,3658.0,7289.0,978,5,0.0,0.0,0.0,0.0,0.0,0.0,0.0,0.0,0.0,0.0,0.0,0.0,107,0.03192124105011933,875.0,171.0,2390.0,0.0,2783.0,704.0,983,372.12614445574775,复活赛
北部赛区,33,【北部赛区】第33场,1,1780129471249,红,西北工业大学,西安电子科技大学,0,420,3612.0,4150.0,1385,7,0.0,0.0,0.0,0.0,0.0,0.0,0.0,0.0,0.0,0.0,0.0,0.0,0,0.0,875.0,184.0,4550.0,0.0,5316.0,691.0,1392,259.48275862068965,全国赛
北部赛区,33,【北部赛区】第33场,2,1780130263739,红,西北工业大学,西安电子科技大学,0,420,2907.0,5938.0,749,20,2.0,129.0,8.5,1.0,1.0,0.0,0.0,0.0,0.0,0.0,0.0,0.0,1709,0.5098448687350835,2900.0,411.0,3650.0,0.0,4719.0,2489.0,769,378.02340702210665,全国赛
北部赛区,41,【北部赛区】第41场,1,1780187733101,红,北京理工大学,应急管理大学,1,420,6128.0,5204.0,1749,35,3.0,121.0,43.0,1.0,1.0,1.0,0.0,0.0,0.0,0.0,0.0,0.0,735,0.21927207637231502,3175.0,369.0,5000.0,0.0,6299.0,2806.0,1784,343.49775784753365,全国赛
北部赛区,41,【北部赛区】第41场,2,1780188461549,红,北京理工大学,应急管理大学,1,420,4795.0,5772.0,1083,44,3.0,109.0,52.0,1.0,1.0,1.0,0.0,0.0,0.0,0.0,0.0,0.0,634,0.18914081145584727,3425.0,568.0,5000.0,0.0,5650.0,2857.0,1127,425.4658385093168,全国赛
北部赛区,42,【北部赛区】第42场,1,1780189382040,红,东北大学,同济大学,0,420,5438.0,5614.0,1171,19,0.0,0.0,0.0,0.0,0.0,0.0,3.0,600.0,3.0,0.0,1.0,1.0,0,0.0,800.0,82.0,3925.0,0.0,4734.0,718.0,1190,456.97478991596637,全国赛
北部赛区,42,【北部赛区】第42场,2,1780190225624,红,东北大学,同济大学,0,420,5232.0,6933.0,1340,8,0.0,0.0,0.0,0.0,0.0,0.0,3.0,600.0,3.0,0.0,1.0,0.0,10,0.0034094783498124785,800.0,49.0,3060.0,0.0,4068.0,751.0,1348,388.13056379821955,全国赛
北部赛区,49,【北部赛区】第49场,1,1780208217034,红,西北工业大学,哈尔滨工业大学（威海）,1,420,4014.0,2644.0,1235,22,1.0,116.0,21.0,1.0,0.0,0.0,0.0,0.0,0.0,0.0,1.0,0.0,0,0.0,2375.0,1544.0,4750.0,0.0,5713.0,831.0,1257,319.33174224343674,全国赛
北部赛区,49,【北部赛区】第49场,2,1780209002875,红,西北工业大学,哈尔滨工业大学（威海）,0,420,2996.0,8621.0,940,12,3.0,138.0,28.333333333333332,1.0,1.0,1.0,1.0,200.0,1.0,0.0,0.0,0.0,0,0.0,3225.0,2094.0,222.0,0.0,704.0,1131.0,952,314.70588235294116,全国赛
北部赛区,49,【北部赛区】第49场,3,1780209683571,红,西北工业大学,哈尔滨工业大学（威海）,1,420,3852.0,3010.0,1578,36,2.0,128.0,15.5,1.0,1.0,0.0,0.0,0.0,0.0,0.0,0.0,0.0,0,0.0,2950.0,1401.0,5000.0,0.0,5901.0,1549.0,1614,238.66171003717471,全国赛
北部赛区,50,【北部赛区】第50场,1,1780210685636,红,长安大学,山东理工大学,1,420,4585.0,4683.0,1280,8,2.0,362.0,11.0,1.0,1.0,0.0,3.0,600.0,3.0,0.0,0.0,0.0,0,0.0,1125.0,373.0,5000.0,0.0,5800.0,752.0,1288,355.97826086956525,全国赛
北部赛区,50,【北部赛区】第50场,2,1780211503402,红,长安大学,山东理工大学,0,420,3372.0,5493.0,1003,0,0.0,0.0,0.0,0.0,0.0,0.0,0.0,0.0,0.0,0.0,0.0,0.0,0,0.0,800.0,25.0,5000.0,0.0,5015.0,775.0,1003,336.1914257228315,全国赛
北部赛区,50,【北部赛区】第50场,3,1780212159780,红,长安大学,山东理工大学,0,420,1761.0,5549.0,704,0,0.0,0.0,0.0,0.0,0.0,0.0,0.0,0.0,0.0,0.0,0.0,0.0,0,0.0,800.0,285.0,4430.0,0.0,4590.0,515.0,704,250.14204545454547,全国赛
北部赛区,55,【北部赛区】第55场,1,1780220434682,红,沈阳理工大学,应急管理大学,0,420,4015.0,5265.0,1126,3,1.0,398.0,36.0,1.0,0.0,0.0,0.0,0.0,0.0,0.0,0.0,0.0,551,0.16437947494033414,975.0,230.0,5000.0,0.0,5350.0,745.0,1129,355.62444641275465,复活赛
北部赛区,55,【北部赛区】第55场,2,1780221232657,红,沈阳理工大学,应急管理大学,0,420,4491.0,5875.0,1527,16,2.0,140.0,24.5,1.0,1.0,0.0,0.0,0.0,0.0,0.0,0.0,0.0,589,0.17571599045346062,2700.0,400.0,3285.0,0.0,4606.0,2300.0,1543,291.05638366817885,复活赛
北部赛区,57,【北部赛区】第57场,1,1780228415942,红,东北大学,复旦大学,1,420,9500.0,3761.0,1799,26,5.0,128.0,21.666666666666668,1.0,1.0,3.0,3.0,900.0,3.0,0.0,1.0,1.0,0,0.0,3515.0,990.0,5000.0,1310.0,7397.0,2525.0,1825,520.5479452054794,全国赛
北部赛区,57,【北部赛区】第57场,2,1780229118301,红,东北大学,复旦大学,1,420,8725.0,1833.0,1883,6,3.0,77.0,22.0,1.0,1.0,1.0,4.0,1200.0,4.0,0.0,1.0,1.0,0,0.0,3375.0,1461.0,5000.0,1150.0,7395.0,1914.0,1889,461.8845950238221,全国赛
北部赛区,68,【北部赛区】第68场,1,1780295882006,红,东北大学,山东理工大学,1,420,7041.0,4622.0,1427,14,4.0,113.0,18.833333333333332,1.0,1.0,2.0,4.0,800.0,4.0,0.0,1.0,0.0,0,0.0,3790.0,805.0,5000.0,0.0,6288.0,2985.0,1441,488.61901457321306,全国赛
北部赛区,68,【北部赛区】第68场,2,1780296578248,红,东北大学,山东理工大学,1,420,10393.0,3975.0,1722,36,3.0,91.0,18.0,1.0,1.0,1.0,2.0,600.0,2.0,0.0,0.0,1.0,0,0.0,3375.0,217.0,5000.0,1285.0,7874.0,3158.0,1758,591.1831626848691,全国赛
北部赛区,69,【北部赛区】第69场,1,1780298013412,红,长安大学,北京理工大学,0,420,3698.0,5386.0,1190,3,0.0,0.0,0.0,0.0,0.0,0.0,1.0,200.0,1.0,0.0,0.0,0.0,171,0.05101431980906921,800.0,54.0,4945.0,0.0,5670.0,746.0,1193,309.97485331098073,全国赛
北部赛区,69,【北部赛区】第69场,2,1780298681256,红,长安大学,北京理工大学,0,420,3733.0,4675.0,1208,10,0.0,0.0,0.0,0.0,0.0,0.0,0.0,0.0,0.0,0.0,0.0,0.0,220,0.06563245823389022,800.0,0.0,5000.0,0.0,5950.0,800.0,1218,306.48604269293924,全国赛
北部赛区,70,【北部赛区】第70场,1,1780299528186,红,西北工业大学,沈阳理工大学,1,420,4522.0,5076.0,1560,16,1.0,173.0,14.0,1.0,0.0,0.0,0.0,0.0,0.0,0.0,0.0,0.0,763,0.2276252983293556,2075.0,688.0,5000.0,0.0,5957.0,1387.0,1576,286.92893401015226,全国赛
北部赛区,70,【北部赛区】第70场,2,1780300527216,红,西北工业大学,沈阳理工大学,1,420,5805.0,5117.0,1581,26,3.0,135.0,34.0,1.0,1.0,1.0,0.0,0.0,0.0,0.0,0.0,0.0,1171,0.3493436754176611,3350.0,821.0,4950.0,0.0,6236.0,2529.0,1607,361.2321095208463,全国赛
北部赛区,71,【北部赛区】第71场,1,1780302078256,红,哈尔滨工业大学（威海）,应急管理大学,1,420,7512.0,5538.0,1605,46,4.0,76.0,29.333333333333332,1.0,1.0,2.0,0.0,0.0,0.0,0.0,0.0,0.0,31,0.009248210023866348,3935.0,180.0,5000.0,0.0,5510.0,3755.0,1651,454.9969715324046,全国赛
北部赛区,71,【北部赛区】第71场,2,1780302943820,红,哈尔滨工业大学（威海）,应急管理大学,1,420,4763.0,4107.0,1638,40,3.0,124.0,18.333333333333332,1.0,1.0,1.0,0.0,0.0,0.0,0.0,0.0,0.0,1,0.0002983293556085919,3600.0,138.0,4918.0,0.0,5983.0,3462.0,1678,283.849821215733,全国赛
北部赛区,72,【北部赛区】第72场,1,1780303783461,红,西安交通大学,大连理工大学,1,420,7333.0,5113.0,1095,13,6.0,85.0,16.416666666666668,1.0,1.0,4.0,1.0,625.0,1.0,0.0,1.0,0.0,0,0.0,4130.0,474.0,4850.0,0.0,6295.0,3656.0,1108,661.8231046931407,全国赛
北部赛区,72,【北部赛区】第72场,2,1780304471118,红,西安交通大学,大连理工大学,1,420,6890.0,4680.0,1199,20,5.0,93.0,17.333333333333332,1.0,1.0,3.0,0.0,0.0,0.0,0.0,1.0,0.0,0,0.0,3760.0,228.0,4025.0,0.0,5578.0,3532.0,1219,565.2173913043479,全国赛
北部赛区,74,【北部赛区】第74场,1,1780307819614,红,复旦大学,西安电子科技大学,0,420,3924.0,4599.0,1123,27,3.0,88.0,13.0,1.0,1.0,1.0,0.0,0.0,0.0,0.0,0.0,0.0,0,0.0,3950.0,958.0,5000.0,0.0,5946.0,2992.0,1150,341.2173913043478,全国赛
北部赛区,74,【北部赛区】第74场,2,1780308686639,红,复旦大学,西安电子科技大学,1,420,3852.0,3517.0,1217,26,2.0,97.0,8.0,1.0,1.0,0.0,0.0,0.0,0.0,0.0,0.0,0.0,0,0.0,3150.0,1557.0,5000.0,0.0,5761.0,1593.0,1243,309.8954143201931,全国赛
北部赛区,74,【北部赛区】第74场,3,1780309411927,红,复旦大学,西安电子科技大学,1,420,5477.0,4290.0,1072,40,3.0,77.0,22.333333333333332,1.0,1.0,1.0,0.0,0.0,0.0,0.0,0.0,0.0,0,0.0,3950.0,390.0,5000.0,0.0,5958.0,3560.0,1112,492.53597122302153,全国赛
北部赛区,75,【北部赛区】第75场,1,1780314767200,红,同济大学,东北大学,0,420,6771.0,7702.0,2093,23,4.0,106.0,16.166666666666668,1.0,2.0,1.0,0.0,0.0,0.0,0.0,2.0,2.0,1272,0.3794749403341289,3925.0,890.0,4250.0,0.0,4815.0,3035.0,2116,319.99054820415876,全国赛
北部赛区,75,【北部赛区】第75场,2,1780315632017,红,同济大学,东北大学,0,420,6873.0,7997.0,1475,21,3.0,106.0,26.666666666666668,1.0,1.0,1.0,0.0,0.0,0.0,0.0,1.0,1.0,1308,0.3902147971360382,3750.0,330.0,4250.0,0.0,4653.0,3420.0,1496,459.42513368983964,全国赛
北部赛区,76,【北部赛区】第76场,1,1780316478995,红,西北工业大学,北京理工大学,0,420,5745.0,4202.0,1825,26,3.0,178.0,23.0,1.0,1.0,1.0,0.0,0.0,0.0,0.0,0.0,0.0,31,0.009248210023866348,2975.0,1296.0,4045.0,0.0,5319.0,1679.0,1851,310.37277147487845,全国赛
北部赛区,76,【北部赛区】第76场,2,1780317271996,红,西北工业大学,北京理工大学,1,420,5444.0,3296.0,1428,1,3.0,192.0,23.666666666666668,1.0,1.0,1.0,0.0,0.0,0.0,0.0,0.0,0.0,974,0.2905727923627685,2550.0,1038.0,4700.0,0.0,6029.0,1512.0,1429,380.9657102869139,全国赛
北部赛区,76,【北部赛区】第76场,3,1780318116208,红,西北工业大学,北京理工大学,1,420,4468.0,3346.0,1336,9,2.0,164.0,17.0,1.0,1.0,0.0,0.0,0.0,0.0,0.0,0.0,0.0,1070,0.3648141834299352,2650.0,110.0,5000.0,0.0,5911.0,2540.0,1345,332.1933085501859,全国赛
北部赛区,77,【北部赛区】第77场,1,1780319124977,红,哈尔滨工业大学（威海）,西安交通大学,1,420,6949.0,1509.0,2350,38,3.0,76.0,16.333333333333332,1.0,1.0,1.0,1.0,625.0,1.0,0.0,1.0,1.0,1552,0.4630071599045346,4050.0,2436.0,5000.0,550.0,7272.0,1614.0,2388,290.9966499162479,全国赛
北部赛区,77,【北部赛区】第77场,2,1780319988345,红,哈尔滨工业大学（威海）,西安交通大学,0,420,5873.0,4155.0,2215,13,3.0,75.0,24.333333333333332,1.0,1.0,1.0,0.0,0.0,0.0,0.0,0.0,0.0,561,0.16736276849642004,4000.0,681.0,4295.0,0.0,5726.0,3319.0,2228,263.5996409335727,全国赛
北部赛区,77,【北部赛区】第77场,3,1780321375811,红,哈尔滨工业大学（威海）,西安交通大学,1,420,7183.0,1960.0,2044,43,3.0,75.0,23.333333333333332,1.0,1.0,1.0,1.0,300.0,1.0,0.0,2.0,1.0,3,0.0008949880668257757,4025.0,1215.0,5000.0,730.0,7448.0,2810.0,2087,344.1782462865357,全国赛
北部赛区,78,【北部赛区】第78场,1,1780322243835,红,复旦大学,哈尔滨工业大学,0,420,3206.0,5682.0,798,49,4.0,66.0,14.5,1.0,1.0,2.0,0.0,0.0,0.0,0.0,0.0,0.0,6,0.0017899761336515514,3615.0,355.0,4550.0,0.0,5488.0,3260.0,847,378.5123966942149,全国赛
北部赛区,78,【北部赛区】第78场,2,1780323038454,红,复旦大学,哈尔滨工业大学,1,420,8834.0,4023.0,1567,34,4.0,70.0,15.166666666666666,1.0,1.0,2.0,1.0,200.0,1.0,0.0,0.0,0.0,12,0.003579952267303103,3670.0,854.0,4750.0,0.0,6204.0,2816.0,1601,551.7801374141162,全国赛
北部赛区,78,【北部赛区】第78场,3,1780323852230,红,复旦大学,哈尔滨工业大学,0,420,4789.0,7138.0,1410,37,4.0,67.0,17.5,1.0,1.0,2.0,1.0,200.0,1.0,0.0,0.0,0.0,0,0.0,4210.0,528.0,3090.0,0.0,3530.0,3682.0,1447,330.9606081548031,全国赛
北部赛区,80,【北部赛区】第80场,1,1780363506641,红,沈阳理工大学,长安大学,0,420,2842.0,3189.0,416,5,0.0,0.0,0.0,0.0,0.0,0.0,0.0,0.0,0.0,0.0,0.0,0.0,1130,0.4494828957836118,875.0,55.0,5000.0,0.0,5601.0,820.0,421,675.0593824228029,复活赛
北部赛区,80,【北部赛区】第80场,2,1780364389895,红,沈阳理工大学,长安大学,1,420,2912.0,2331.0,487,5,0.0,0.0,0.0,0.0,0.0,0.0,0.0,0.0,0.0,0.0,0.0,0.0,915,0.43675417661097854,875.0,215.0,5000.0,0.0,5633.0,660.0,492,591.869918699187,复活赛
北部赛区,80,【北部赛区】第80场,3,1780365053659,红,沈阳理工大学,长安大学,0,420,2561.0,3509.0,331,11,0.0,0.0,0.0,0.0,0.0,0.0,0.0,0.0,0.0,0.0,0.0,0.0,749,0.3575178997613365,875.0,55.0,4750.0,0.0,4750.0,820.0,342,748.8304093567251,复活赛
北部赛区,81,【北部赛区】第81场,1,1780366183800,红,应急管理大学,大连理工大学,0,420,4257.0,5131.0,1016,36,2.0,60.0,13.5,1.0,1.0,0.0,0.0,0.0,0.0,0.0,0.0,0.0,0,0.0,3350.0,105.0,4550.0,0.0,5099.0,3245.0,1052,404.657794676806,复活赛
北部赛区,81,【北部赛区】第81场,2,1780367027765,红,应急管理大学,大连理工大学,0,420,4090.0,5289.0,959,31,3.0,75.0,26.333333333333332,1.0,1.0,1.0,0.0,0.0,0.0,0.0,0.0,0.0,0,0.0,3725.0,471.0,3950.0,750.0,5180.0,3254.0,990,413.13131313131316,复活赛
北部赛区,83,【北部赛区】第83场,1,1780369661499,红,东北大学,哈尔滨工业大学（威海）,1,420,9537.0,4169.0,1568,40,4.0,75.0,28.666666666666668,1.0,2.0,1.0,3.0,900.0,3.0,0.0,2.0,1.0,1842,0.5495226730310262,3835.0,2410.0,4270.0,0.0,5878.0,1425.0,1608,593.0970149253732,全国赛
北部赛区,83,【北部赛区】第83场,2,1780370356133,红,东北大学,哈尔滨工业大学（威海）,1,420,8828.0,6086.0,1399,25,0.0,0.0,0.0,0.0,0.0,0.0,4.0,1200.0,4.0,0.0,1.0,2.0,1208,0.360381861575179,800.0,100.0,2455.0,0.0,3600.0,700.0,1424,619.9438202247192,全国赛
北部赛区,84,【北部赛区】第84场,1,1780371297834,红,西北工业大学,哈尔滨工业大学,0,420,5200.0,5253.0,1516,4,3.0,126.0,21.0,1.0,1.0,1.0,0.0,0.0,0.0,0.0,0.0,0.0,384,0.11455847255369929,3500.0,212.0,4685.0,0.0,6080.0,3288.0,1520,342.10526315789474,全国赛
北部赛区,84,【北部赛区】第84场,2,1780372011146,红,西北工业大学,哈尔滨工业大学,1,420,6641.0,3755.0,2230,36,3.0,101.0,17.0,1.0,1.0,1.0,1.0,200.0,1.0,0.0,1.0,1.0,423,0.12619331742243436,3725.0,899.0,4935.0,0.0,6465.0,2826.0,2266,293.07149161518095,全国赛
北部赛区,84,【北部赛区】第84场,3,1780372678919,红,西北工业大学,哈尔滨工业大学,0,420,5035.0,3906.0,1494,9,2.0,120.0,14.5,1.0,1.0,0.0,0.0,0.0,0.0,0.0,0.0,0.0,393,0.11724343675417662,2500.0,736.0,4950.0,0.0,6382.0,1764.0,1503,334.9966733200266,全国赛
北部赛区,85,【北部赛区】第85场,1,1780376612085,红,山东理工大学,大连理工大学,0,420,3446.0,4733.0,1381,8,3.0,127.0,24.666666666666668,1.0,1.0,1.0,1.0,200.0,1.0,0.0,0.0,0.0,0,0.0,3400.0,217.0,4625.0,0.0,6101.0,3183.0,1389,248.09215262778977,复活赛
北部赛区,85,【北部赛区】第85场,2,1780377276498,红,山东理工大学,大连理工大学,0,420,3249.0,4590.0,1206,8,5.0,116.0,18.666666666666668,1.0,1.0,3.0,0.0,0.0,0.0,0.0,0.0,0.0,0,0.0,3730.0,648.0,4850.0,0.0,5613.0,3082.0,1214,267.6276771004942,复活赛
北部赛区,86,【北部赛区】第86场,1,1780378110009,红,长安大学,西安电子科技大学,1,420,4193.0,4385.0,1813,14,3.0,121.0,21.0,1.0,1.0,1.0,0.0,0.0,0.0,0.0,0.0,0.0,1700,0.5071599045346062,3425.0,1393.0,5000.0,0.0,6246.0,2032.0,1827,229.50191570881225,全国赛
北部赛区,86,【北部赛区】第86场,2,1780378922211,红,长安大学,西安电子科技大学,1,420,3647.0,4376.0,999,7,0.0,0.0,0.0,0.0,0.0,0.0,2.0,400.0,2.0,0.0,0.0,0.0,1692,0.5047732696897375,800.0,74.0,5000.0,0.0,6046.0,726.0,1006,362.5248508946322,全国赛
北部赛区,89,【北部赛区】第89场,1,1780384424933,红,哈尔滨工业大学（威海）,西北工业大学,1,420,6083.0,6401.0,2019,11,3.0,85.0,24.666666666666668,1.0,1.0,1.0,0.0,0.0,0.0,0.0,0.0,0.0,3,0.0008949880668257757,3875.0,100.0,3472.0,0.0,4383.0,3775.0,2030,299.65517241379314,全国赛
北部赛区,89,【北部赛区】第89场,2,1780385130507,红,哈尔滨工业大学（威海）,西北工业大学,1,420,6854.0,3648.0,1694,0,6.0,77.0,19.333333333333332,1.0,4.0,1.0,0.0,0.0,0.0,0.0,1.0,0.0,0,0.0,4415.0,912.0,5000.0,0.0,6140.0,3503.0,1694,404.60448642266823,全国赛
北部赛区,89,【北部赛区】第89场,3,1780386397433,红,哈尔滨工业大学（威海）,西北工业大学,1,420,9372.0,3770.0,1967,30,3.0,75.0,19.666666666666668,1.0,1.0,1.0,0.0,0.0,0.0,0.0,1.0,1.0,0,0.0,4050.0,1322.0,5000.0,0.0,6111.0,2728.0,1997,469.30395593390085,全国赛
北部赛区,90,【北部赛区】第90场,1,1780389108168,红,东北大学,哈尔滨工业大学,0,420,5700.0,6622.0,1187,8,1.0,170.0,9.0,1.0,0.0,0.0,0.0,0.0,0.0,0.0,2.0,1.0,459,0.13693317422434367,2000.0,571.0,4450.0,0.0,5485.0,1429.0,1195,476.98744769874475,全国赛
北部赛区,90,【北部赛区】第90场,2,1780389810101,红,东北大学,哈尔滨工业大学,1,420,5873.0,4835.0,1466,14,4.0,87.0,24.166666666666668,1.0,1.0,2.0,0.0,0.0,0.0,0.0,1.0,1.0,836,0.2494033412887828,3920.0,1639.0,5000.0,555.0,6562.0,2281.0,1480,396.8243243243243,全国赛
北部赛区,90,【北部赛区】第90场,3,1780391063510,红,东北大学,哈尔滨工业大学,1,359,10272.0,4369.0,1598,18,4.0,72.0,23.833333333333332,1.0,2.0,1.0,0.0,0.0,0.0,0.0,2.0,1.0,334,0.11629526462395544,3175.0,1659.0,3950.0,0.0,5588.0,1516.0,1616,635.6435643564357,全国赛
北部赛区,90,【北部赛区】第90场,4,1780391866389,红,东北大学,哈尔滨工业大学,1,420,11527.0,4047.0,1532,37,5.0,70.0,47.333333333333336,1.0,3.0,1.0,0.0,0.0,0.0,0.0,2.0,1.0,672,0.20047732696897375,3625.0,387.0,5000.0,1117.0,7564.0,3238.0,1569,734.6717654557042,全国赛
南部赛区,3,【南部赛区】第3场,1,1778637960624,红,仲恺农业工程学院,华南理工大学,0,420,3668.0,2659.0,700,21,4.0,130.0,28.333333333333332,1.0,2.0,1.0,0.0,0.0,0.0,0.0,0.0,0.0,706,0.21062052505966586,3125.0,625.0,5000.0,640.0,7310.0,2500.0,721,508.73786407766994,全国赛
南部赛区,3,【南部赛区】第3场,2,1778638792994,红,仲恺农业工程学院,华南理工大学,1,420,5365.0,3617.0,1464,10,3.0,115.0,28.666666666666668,1.0,1.0,1.0,0.0,0.0,0.0,0.0,0.0,0.0,471,0.14051312649164677,3150.0,928.0,5000.0,0.0,6347.0,2222.0,1474,363.97557666214385,全国赛
南部赛区,3,【南部赛区】第3场,3,1778639477645,红,仲恺农业工程学院,华南理工大学,1,420,5316.0,3838.0,1766,8,3.0,110.0,8.25,1.0,2.0,0.0,0.0,0.0,0.0,0.0,0.0,0.0,604,0.1801909307875895,3110.0,742.0,5000.0,0.0,6139.0,2368.0,1774,299.66178128523114,全国赛
南部赛区,10,【南部赛区】第10场,1,1778654862728,红,东莞理工学院,华中科技大学,1,420,6753.0,2788.0,1332,46,3.0,60.0,14.666666666666666,1.0,1.0,1.0,0.0,0.0,0.0,0.0,0.0,0.0,0,0.0,3450.0,1531.0,5000.0,70.0,6218.0,1919.0,1378,490.0580551523948,全国赛
南部赛区,10,【南部赛区】第10场,2,1778655677956,红,东莞理工学院,华中科技大学,1,420,4719.0,3051.0,1265,38,1.0,56.0,11.0,1.0,0.0,0.0,0.0,0.0,0.0,0.0,0.0,0.0,0,0.0,2675.0,1124.0,5000.0,0.0,5872.0,1551.0,1303,362.1642363775902,全国赛
南部赛区,11,【南部赛区】第11场,1,1778656835227,红,五邑大学,深圳技术大学,1,420,7704.0,3179.0,1399,11,0.0,0.0,0.0,0.0,0.0,0.0,0.0,0.0,0.0,0.0,0.0,0.0,0,0.0,900.0,0.0,5000.0,0.0,5904.0,900.0,1410,546.3829787234043,全国赛
南部赛区,11,【南部赛区】第11场,2,1778657588607,红,五邑大学,深圳技术大学,1,289,8898.0,1798.0,1525,25,3.0,98.0,12.0,1.0,1.0,1.0,0.0,0.0,0.0,0.0,0.0,0.0,523,0.22621107266435986,2300.0,1138.0,5000.0,285.0,6588.0,1162.0,1550,574.0645161290322,全国赛
南部赛区,19,【南部赛区】第19场,1,1778677945404,红,厦门大学嘉庚学院,桂林电子科技大学,1,420,6000.0,4882.0,645,21,2.0,128.0,18.0,1.0,1.0,0.0,0.0,0.0,0.0,0.0,0.0,0.0,0,0.0,2950.0,710.0,5000.0,0.0,5800.0,2240.0,666,900.900900900901,复活赛
南部赛区,19,【南部赛区】第19场,2,1778678763428,红,厦门大学嘉庚学院,桂林电子科技大学,0,420,4008.0,5133.0,526,16,2.0,175.0,24.0,1.0,1.0,0.0,0.0,0.0,0.0,0.0,0.0,0.0,0,0.0,2575.0,485.0,5000.0,0.0,5940.0,2090.0,542,739.4833948339484,复活赛
南部赛区,19,【南部赛区】第19场,3,1778679549836,红,厦门大学嘉庚学院,桂林电子科技大学,1,420,3542.0,2530.0,425,23,2.0,162.0,26.5,1.0,1.0,0.0,0.0,0.0,0.0,0.0,0.0,0.0,0,0.0,2675.0,1485.0,5000.0,540.0,6608.0,1190.0,448,790.625,复活赛
南部赛区,27,【南部赛区】第27场,1,1778735137175,红,广东工业大学,广州城市理工学院,1,420,4639.0,5956.0,879,9,1.0,287.0,59.0,1.0,0.0,0.0,4.0,800.0,4.0,0.0,0.0,0.0,487,0.14528639618138425,1525.0,252.0,3682.0,0.0,4160.0,1273.0,888,522.40990990991,复活赛
南部赛区,27,【南部赛区】第27场,2,1778735937597,红,广东工业大学,广州城市理工学院,0,420,3548.0,6453.0,887,3,3.0,162.0,20.5,1.0,2.0,0.0,2.0,400.0,2.0,0.0,0.0,0.0,504,0.15035799522673032,2685.0,86.0,3495.0,0.0,4758.0,2599.0,890,398.6516853932584,复活赛
南部赛区,27,【南部赛区】第27场,3,1778736603265,红,广东工业大学,广州城市理工学院,0,420,4464.0,7280.0,832,27,3.0,122.0,20.0,1.0,2.0,0.0,2.0,400.0,2.0,0.0,0.0,0.0,688,0.2052505966587112,3030.0,775.0,2300.0,0.0,2791.0,2255.0,859,519.6740395809081,复活赛
南部赛区,28,【南部赛区】第28场,1,1778737453393,红,深圳大学,南华大学,0,420,5537.0,5226.0,905,11,2.0,133.0,10.0,1.0,1.0,0.0,0.0,0.0,0.0,0.0,1.0,0.0,9,0.0026849642004773268,2800.0,645.0,4995.0,0.0,5670.0,2155.0,916,604.4759825327511,全国赛
南部赛区,28,【南部赛区】第28场,2,1778738115897,红,深圳大学,南华大学,1,420,4712.0,2781.0,769,20,0.0,0.0,0.0,0.0,0.0,0.0,0.0,0.0,0.0,0.0,2.0,0.0,17,0.005796113194681214,875.0,165.0,5000.0,0.0,5862.0,710.0,789,597.211660329531,全国赛
南部赛区,28,【南部赛区】第28场,3,1778738816658,红,深圳大学,南华大学,1,420,5229.0,2241.0,228,28,0.0,0.0,0.0,0.0,0.0,0.0,2.0,1250.0,2.0,0.0,0.0,1.0,10,0.0034094783498124785,875.0,225.0,5000.0,880.0,6750.0,650.0,256,2042.578125,全国赛
南部赛区,33,【南部赛区】第33场,1,1778748020174,红,仲恺农业工程学院,厦门大学嘉庚学院,1,420,5821.0,3053.0,1095,11,3.0,99.0,25.0,1.0,1.0,1.0,0.0,0.0,0.0,0.0,0.0,0.0,544,0.162291169451074,3650.0,1675.0,4996.0,0.0,6640.0,1975.0,1106,526.3110307414105,全国赛
南部赛区,33,【南部赛区】第33场,2,1778748736302,红,仲恺农业工程学院,厦门大学嘉庚学院,1,420,6875.0,3488.0,1591,15,4.0,100.0,26.833333333333332,1.0,2.0,1.0,0.0,0.0,0.0,0.0,0.0,0.0,386,0.11515513126491647,3195.0,1399.0,5000.0,0.0,6371.0,1796.0,1606,428.0821917808219,全国赛
南部赛区,34,【南部赛区】第34场,1,1778749713778,红,上海交通大学,电子科技大学中山学院,1,420,4015.0,3087.0,731,13,2.0,111.0,16.0,1.0,1.0,0.0,0.0,0.0,0.0,0.0,2.0,3.0,543,0.16199284009546538,3050.0,1644.0,4965.0,0.0,5572.0,1406.0,744,539.6505376344086,全国赛
南部赛区,34,【南部赛区】第34场,2,1778750536413,红,上海交通大学,电子科技大学中山学院,1,420,8171.0,3356.0,1097,17,5.0,83.0,26.444444444444446,1.0,3.0,1.0,0.0,0.0,0.0,0.0,2.0,4.0,646,0.19272076372315036,4050.0,2187.0,4936.0,0.0,6351.0,1863.0,1114,733.4829443447037,全国赛
南部赛区,36,【南部赛区】第36场,1,1778753436230,红,华南理工大学,桂林电子科技大学,1,420,4523.0,3722.0,1031,24,2.0,107.0,18.5,1.0,1.0,0.0,0.0,0.0,0.0,0.0,1.0,0.0,0,0.0,2900.0,2000.0,5000.0,0.0,6618.0,900.0,1055,428.7203791469194,全国赛
南部赛区,36,【南部赛区】第36场,2,1778754153680,红,华南理工大学,桂林电子科技大学,0,420,3275.0,5482.0,872,13,2.0,92.0,24.0,1.0,1.0,0.0,0.0,0.0,0.0,0.0,0.0,0.0,0,0.0,3000.0,280.0,4595.0,0.0,4995.0,2720.0,885,370.05649717514126,全国赛
南部赛区,36,【南部赛区】第36场,3,1778754834040,红,华南理工大学,桂林电子科技大学,0,420,2293.0,4066.0,594,11,2.0,148.0,29.0,1.0,1.0,0.0,1.0,200.0,1.0,0.0,1.0,0.0,0,0.0,2725.0,605.0,4600.0,0.0,5213.0,2120.0,605,379.0082644628099,全国赛
南部赛区,41,【南部赛区】第41场,1,1778805231802,红,深圳大学,东莞理工学院,1,420,7459.0,5508.0,847,19,3.0,132.0,43.666666666666664,1.0,1.0,1.0,0.0,0.0,0.0,0.0,1.0,0.0,244,0.07279236276849642,3200.0,1192.0,5000.0,0.0,5677.0,2008.0,866,861.3163972286375,全国赛
南部赛区,41,【南部赛区】第41场,2,1778805933581,红,深圳大学,东莞理工学院,1,420,5856.0,6454.0,524,20,2.0,190.0,24.5,1.0,1.0,0.0,1.0,625.0,1.0,0.0,2.0,0.0,8,0.002386634844868735,2450.0,100.0,5000.0,0.0,5445.0,2350.0,544,1076.4705882352941,全国赛
南部赛区,42,【南部赛区】第42场,1,1778808224653,红,广州城市理工学院,五邑大学,0,420,4142.0,7470.0,1063,8,2.0,71.0,21.0,1.0,1.0,0.0,1.0,200.0,1.0,0.0,1.0,0.0,0,0.0,3075.0,1236.0,1480.0,0.0,2409.0,1839.0,1071,386.74136321195147,全国赛
南部赛区,42,【南部赛区】第42场,2,1778809035146,红,广州城市理工学院,五邑大学,0,420,5371.0,8005.0,1403,21,2.0,85.0,18.0,1.0,1.0,0.0,2.0,400.0,2.0,0.0,1.0,0.0,0,0.0,2875.0,464.0,2010.0,0.0,2910.0,2411.0,1424,377.17696629213486,全国赛
南部赛区,50,【南部赛区】第50场,1,1778829037274,红,桂林电子科技大学,电子科技大学中山学院,0,420,4760.0,4444.0,1235,25,2.0,97.0,44.0,1.0,1.0,0.0,0.0,0.0,0.0,0.0,1.0,0.0,0,0.0,2775.0,361.0,4400.0,0.0,5216.0,2414.0,1260,377.77777777777777,复活赛
南部赛区,50,【南部赛区】第50场,2,1778829758019,红,桂林电子科技大学,电子科技大学中山学院,0,420,3013.0,4653.0,730,18,1.0,108.0,23.0,1.0,0.0,0.0,0.0,0.0,0.0,0.0,1.0,0.0,906,0.2702863961813842,2425.0,520.0,4400.0,0.0,5261.0,1905.0,748,402.80748663101605,复活赛
南部赛区,51,【南部赛区】第51场,1,1778830648762,红,华南农业大学,武汉工程大学,1,420,3388.0,3655.0,689,24,4.0,98.0,13.333333333333334,1.0,1.0,2.0,0.0,0.0,0.0,0.0,0.0,0.0,0,0.0,4150.0,2360.0,5000.0,237.0,6788.0,1790.0,713,475.1753155680224,全国赛
南部赛区,51,【南部赛区】第51场,2,1778831543771,红,华南农业大学,武汉工程大学,0,420,2585.0,4297.0,285,45,4.0,100.0,21.333333333333332,1.0,1.0,2.0,1.0,200.0,1.0,0.0,0.0,0.0,720,0.21479713603818615,3875.0,1645.0,4550.0,0.0,5532.0,2230.0,330,783.3333333333333,全国赛
南部赛区,51,【南部赛区】第51场,3,1778832340006,红,华南农业大学,武汉工程大学,1,420,4239.0,4973.0,1314,24,4.0,97.0,15.166666666666666,1.0,1.0,2.0,3.0,600.0,3.0,0.0,0.0,0.0,416,0.12410501193317422,4110.0,392.0,4775.0,0.0,5845.0,3718.0,1338,316.8161434977578,全国赛
南部赛区,55,【南部赛区】第55场,1,1778839108887,红,广州城市理工学院,东莞理工学院,1,420,5308.0,4199.0,910,48,3.0,76.0,25.333333333333332,1.0,1.0,1.0,0.0,0.0,0.0,0.0,0.0,0.0,537,0.16020286396181385,3250.0,669.0,4400.0,0.0,5156.0,2581.0,958,554.070981210856,全国赛
南部赛区,55,【南部赛区】第55场,2,1778839915616,红,广州城市理工学院,东莞理工学院,0,420,3874.0,6279.0,1431,31,3.0,68.0,32.333333333333336,1.0,1.0,1.0,0.0,0.0,0.0,0.0,2.0,0.0,268,0.07995226730310262,3625.0,544.0,2494.0,0.0,3056.0,3081.0,1462,264.9794801641587,全国赛
南部赛区,55,【南部赛区】第55场,3,1778840608164,红,广州城市理工学院,东莞理工学院,1,420,4584.0,3659.0,1093,30,2.0,72.0,26.0,1.0,1.0,0.0,0.0,0.0,0.0,0.0,0.0,0.0,135,0.0402744630071599,2900.0,529.0,4975.0,0.0,5387.0,2371.0,1123,408.19234194122885,全国赛
南部赛区,56,【南部赛区】第56场,1,1778841533345,红,南华大学,深圳技术大学,0,420,3744.0,3845.0,1257,14,3.0,142.0,21.0,1.0,1.0,1.0,0.0,0.0,0.0,0.0,0.0,0.0,425,0.12678997613365156,3200.0,361.0,4800.0,0.0,5707.0,2839.0,1271,294.5712037765539,复活赛
南部赛区,56,【南部赛区】第56场,2,1778842202821,红,南华大学,深圳技术大学,0,420,3897.0,4376.0,1212,17,0.0,0.0,0.0,0.0,0.0,0.0,0.0,0.0,0.0,0.0,0.0,0.0,718,0.21420047732696898,800.0,153.0,4600.0,0.0,5460.0,647.0,1229,317.0870626525631,复活赛
南部赛区,57,【南部赛区】第57场,1,1778846129421,红,华中科技大学,广东工业大学,1,420,3837.0,3712.0,989,25,3.0,100.0,36.666666666666664,1.0,1.0,1.0,1.0,200.0,1.0,0.0,0.0,0.0,613,0.18287589498806683,3450.0,505.0,4800.0,0.0,5376.0,2945.0,1014,378.40236686390534,复活赛
南部赛区,57,【南部赛区】第57场,2,1778846849770,红,华中科技大学,广东工业大学,0,420,3029.0,2990.0,932,24,4.0,103.0,37.333333333333336,1.0,2.0,1.0,0.0,0.0,0.0,0.0,0.0,0.0,870,0.2595465393794749,3515.0,1190.0,4980.0,0.0,5755.0,2325.0,956,316.8410041841004,复活赛
南部赛区,57,【南部赛区】第57场,3,1778847533513,红,华中科技大学,广东工业大学,1,420,3000.0,3210.0,1052,12,3.0,103.0,22.666666666666668,1.0,1.0,1.0,2.0,400.0,2.0,0.0,0.0,0.0,868,0.25894988066825775,3675.0,660.0,4956.0,0.0,5874.0,3015.0,1064,281.9548872180451,复活赛
南部赛区,67,【南部赛区】第67场,1,1778911982278,红,五邑大学,武汉工程大学,1,420,8895.0,3728.0,1567,73,4.0,89.0,14.666666666666666,1.0,1.0,2.0,0.0,0.0,0.0,0.0,2.0,1.0,789,0.235663082437276,3900.0,171.0,4550.0,0.0,6065.0,3729.0,1640,542.3780487804878,全国赛
南部赛区,67,【南部赛区】第67场,2,1778912693151,红,五邑大学,武汉工程大学,1,420,8705.0,4859.0,1619,34,3.0,79.0,16.0,1.0,1.0,1.0,0.0,0.0,0.0,0.0,0.0,0.0,631,0.1882458233890215,3950.0,1059.0,4100.0,0.0,5076.0,2891.0,1653,526.6182698124621,全国赛
南部赛区,68,【南部赛区】第68场,1,1778913533396,红,华中科技大学,电子科技大学中山学院,1,420,3493.0,3505.0,1036,17,5.0,80.0,20.166666666666668,1.0,2.0,2.0,3.0,600.0,3.0,0.0,0.0,0.0,581,0.1733293556085919,4220.0,904.0,5000.0,0.0,5937.0,3316.0,1053,331.71889838556507,复活赛
南部赛区,68,【南部赛区】第68场,2,1778914365365,红,华中科技大学,电子科技大学中山学院,0,420,3367.0,3020.0,997,26,3.0,92.0,21.333333333333332,1.0,1.0,1.0,1.0,200.0,1.0,0.0,0.0,0.0,600,0.17899761336515513,3800.0,1885.0,4772.0,0.0,5994.0,1915.0,1023,329.13000977517106,复活赛
南部赛区,68,【南部赛区】第68场,3,1778915208150,红,华中科技大学,电子科技大学中山学院,0,420,3416.0,4111.0,937,30,4.0,79.0,24.5,1.0,2.0,1.0,1.0,200.0,1.0,0.0,0.0,0.0,490,0.14618138424821003,4030.0,722.0,4250.0,0.0,4801.0,3308.0,967,353.25749741468456,复活赛
南部赛区,69,【南部赛区】第69场,1,1778921917593,红,华南理工大学,深圳大学,1,420,7488.0,4275.0,2098,22,2.0,85.0,18.5,1.0,1.0,0.0,1.0,200.0,1.0,0.0,1.0,0.0,1331,0.3970763723150358,3250.0,1395.0,5000.0,0.0,6722.0,1855.0,2120,353.20754716981133,全国赛
南部赛区,69,【南部赛区】第69场,2,1778917962630,红,华南理工大学,深圳大学,1,420,6359.0,2591.0,1845,33,1.0,89.0,20.0,1.0,0.0,0.0,0.0,0.0,0.0,0.0,0.0,0.0,1318,0.3931980906921241,2475.0,1089.0,5000.0,630.0,7081.0,1386.0,1878,338.604898828541,全国赛
南部赛区,70,【南部赛区】第70场,1,1778918846508,红,厦门大学嘉庚学院,东莞理工学院,0,420,3953.0,4663.0,936,33,2.0,210.0,15.5,1.0,1.0,0.0,0.0,0.0,0.0,0.0,0.0,0.0,154,0.045942720763723154,2300.0,570.0,4995.0,0.0,6281.0,1730.0,969,407.9463364293086,复活赛
南部赛区,70,【南部赛区】第70场,2,1778919717387,红,厦门大学嘉庚学院,东莞理工学院,0,420,4455.0,7357.0,1314,11,2.0,153.0,19.5,1.0,1.0,0.0,2.0,400.0,2.0,0.0,0.0,0.0,661,0.19719570405727924,2750.0,560.0,3180.0,0.0,3953.0,2190.0,1325,336.2264150943396,复活赛
南部赛区,71,【南部赛区】第71场,1,1778922947439,红,桂林电子科技大学,广州城市理工学院,0,420,3566.0,4782.0,1433,6,1.0,106.0,40.0,1.0,0.0,0.0,1.0,200.0,1.0,0.0,1.0,0.0,308,0.09188544152744631,2425.0,857.0,4500.0,0.0,5223.0,1568.0,1439,247.81097984711607,复活赛
南部赛区,71,【南部赛区】第71场,2,1778923796498,红,桂林电子科技大学,广州城市理工学院,0,420,3798.0,5391.0,1207,8,1.0,103.0,27.0,1.0,0.0,0.0,2.0,400.0,2.0,0.0,1.0,0.0,393,0.11724343675417662,2425.0,50.0,3285.0,0.0,4402.0,2375.0,1215,312.59259259259255,复活赛
南部赛区,72,【南部赛区】第72场,1,1778924684549,红,上海交通大学,广东工业大学,1,420,4253.0,4537.0,1151,14,2.0,98.0,8.0,1.0,1.0,0.0,0.0,0.0,0.0,0.0,2.0,1.0,0,0.0,3050.0,756.0,4400.0,0.0,5453.0,2294.0,1165,365.06437768240346,全国赛
南部赛区,72,【南部赛区】第72场,2,1778925424226,红,上海交通大学,广东工业大学,0,420,3817.0,5367.0,785,17,3.0,66.0,18.0,1.0,1.0,1.0,0.0,0.0,0.0,0.0,2.0,0.0,0,0.0,3525.0,995.0,4400.0,0.0,5376.0,2530.0,802,475.9351620947631,全国赛
南部赛区,72,【南部赛区】第72场,3,1778926448743,红,上海交通大学,广东工业大学,1,420,2777.0,5615.0,336,22,3.0,81.0,22.333333333333332,1.0,1.0,1.0,0.0,0.0,0.0,0.0,2.0,1.0,0,0.0,2925.0,35.0,5000.0,0.0,5537.0,2890.0,358,775.6983240223464,全国赛
南部赛区,73,【南部赛区】第73场,1,1778927367055,红,深圳技术大学,华南农业大学,0,420,4231.0,4095.0,1136,9,1.0,68.0,10.0,1.0,0.0,0.0,1.0,200.0,1.0,0.0,0.0,0.0,0,0.0,2625.0,439.0,4700.0,0.0,5783.0,2186.0,1145,369.51965065502185,复活赛
南部赛区,73,【南部赛区】第73场,2,1778928033009,红,深圳技术大学,华南农业大学,1,420,4801.0,3872.0,1376,13,1.0,69.0,10.0,1.0,0.0,0.0,1.0,300.0,1.0,0.0,0.0,0.0,0,0.0,2575.0,769.0,4960.0,0.0,5976.0,1806.0,1389,345.64434845212384,复活赛
南部赛区,73,【南部赛区】第73场,3,1778928844469,红,深圳技术大学,华南农业大学,0,420,3418.0,6262.0,1057,10,2.0,99.0,31.0,1.0,1.0,0.0,0.0,0.0,0.0,0.0,0.0,0.0,0,0.0,2925.0,378.0,2695.0,0.0,3327.0,2547.0,1067,320.3373945641987,复活赛
南部赛区,74,【南部赛区】第74场,1,1778929767993,红,南华大学,仲恺农业工程学院,0,420,4791.0,8014.0,1453,17,0.0,0.0,0.0,0.0,0.0,0.0,1.0,300.0,1.0,0.0,0.0,0.0,508,0.1515513126491647,800.0,92.0,2580.0,0.0,3310.0,708.0,1470,325.9183673469388,复活赛
南部赛区,74,【南部赛区】第74场,2,1778930460784,红,南华大学,仲恺农业工程学院,1,420,5687.0,6167.0,1810,26,4.0,89.0,18.833333333333332,1.0,1.0,2.0,0.0,0.0,0.0,0.0,0.0,0.0,687,0.20495226730310262,3995.0,127.0,5000.0,0.0,6120.0,3868.0,1836,309.7494553376906,复活赛
南部赛区,74,【南部赛区】第74场,3,1778931313293,红,南华大学,仲恺农业工程学院,0,420,3382.0,2656.0,1295,20,4.0,96.0,19.0,1.0,1.0,2.0,0.0,0.0,0.0,0.0,0.0,0.0,726,0.2165871121718377,4010.0,1676.0,4988.0,0.0,6314.0,2334.0,1315,257.18631178707227,复活赛
南部赛区,75,【南部赛区】第75场,1,1778934392734,红,五邑大学,电子科技大学中山学院,1,420,4317.0,3606.0,1209,15,0.0,0.0,0.0,0.0,0.0,0.0,0.0,0.0,0.0,0.0,2.0,0.0,0,0.0,900.0,76.0,4575.0,0.0,5471.0,824.0,1224,352.69607843137254,全国赛
南部赛区,75,【南部赛区】第75场,2,1778935110465,红,五邑大学,电子科技大学中山学院,1,420,4653.0,3013.0,1415,15,0.0,0.0,0.0,0.0,0.0,0.0,0.0,0.0,0.0,0.0,1.0,1.0,0,0.0,900.0,50.0,4520.0,0.0,5559.0,850.0,1430,325.38461538461536,全国赛
南部赛区,76,【南部赛区】第76场,1,1778936758019,红,东莞理工学院,华南理工大学,1,420,5423.0,4156.0,1178,23,2.0,59.0,12.0,1.0,1.0,0.0,0.0,0.0,0.0,0.0,2.0,1.0,608,0.2072962836685987,3200.0,409.0,4800.0,0.0,5729.0,2791.0,1201,451.5403830141548,全国赛
南部赛区,76,【南部赛区】第76场,2,1778937468211,红,东莞理工学院,华南理工大学,0,420,5397.0,7256.0,1231,14,3.0,53.0,27.666666666666668,1.0,1.0,1.0,1.0,300.0,1.0,0.0,0.0,0.0,710,0.21181384248210025,3500.0,1283.0,1915.0,0.0,2636.0,2217.0,1245,433.49397590361446,全国赛
南部赛区,76,【南部赛区】第76场,3,1778938334290,红,东莞理工学院,华南理工大学,1,420,4880.0,3912.0,1512,34,2.0,57.0,8.5,1.0,1.0,0.0,0.0,0.0,0.0,0.0,2.0,2.0,827,0.2467183770883055,2825.0,976.0,4800.0,0.0,6215.0,1849.0,1546,315.653298835705,全国赛
南部赛区,77,【南部赛区】第77场,1,1778939363902,红,广州城市理工学院,上海交通大学,1,420,6670.0,2920.0,1410,38,3.0,124.0,39.666666666666664,1.0,1.0,1.0,2.0,400.0,2.0,0.0,2.0,0.0,0,0.0,2975.0,953.0,4958.0,0.0,6241.0,2022.0,1448,460.6353591160221,全国赛
南部赛区,77,【南部赛区】第77场,2,1778940280525,红,广州城市理工学院,上海交通大学,1,420,5215.0,2797.0,1707,12,3.0,140.0,16.0,1.0,2.0,0.0,2.0,400.0,2.0,0.0,2.0,0.0,0,0.0,2840.0,1830.0,4600.0,0.0,5907.0,1010.0,1719,303.3740546829552,全国赛
南部赛区,78,【南部赛区】第78场,1,1778941189725,红,仲恺农业工程学院,华南农业大学,0,420,5673.0,4800.0,1506,2,4.0,102.0,29.0,1.0,1.0,2.0,0.0,0.0,0.0,0.0,0.0,0.0,280,0.08353221957040573,3685.0,348.0,4800.0,0.0,5923.0,3337.0,1508,376.19363395225463,全国赛
南部赛区,78,【南部赛区】第78场,2,1778941859406,红,仲恺农业工程学院,华南农业大学,0,420,5392.0,6235.0,1365,2,4.0,80.0,23.666666666666668,1.0,1.0,2.0,0.0,0.0,0.0,0.0,0.0,0.0,273,0.08144391408114558,3650.0,434.0,3800.0,0.0,5415.0,3216.0,1367,394.4403803950256,全国赛
南部赛区,79,【南部赛区】第79场,1,1778977985352,红,武汉工程大学,华中科技大学,1,420,7186.0,4712.0,1022,36,3.0,76.0,8.75,1.0,2.0,0.0,0.0,0.0,0.0,0.0,0.0,0.0,0,0.0,3340.0,321.0,4600.0,0.0,5748.0,3019.0,1058,679.2060491493384,全国赛
南部赛区,79,【南部赛区】第79场,2,1778978885595,红,武汉工程大学,华中科技大学,1,420,4335.0,3747.0,738,43,3.0,56.0,6.25,1.0,2.0,0.0,0.0,0.0,0.0,0.0,0.0,0.0,0,0.0,3620.0,444.0,4600.0,0.0,5781.0,3176.0,781,555.0576184379001,全国赛
南部赛区,80,【南部赛区】第80场,1,1778980152852,红,厦门大学嘉庚学院,深圳大学,0,420,6319.0,7324.0,1451,28,2.0,93.0,13.0,1.0,1.0,0.0,0.0,0.0,0.0,0.0,0.0,0.0,1159,0.34576372315035797,3200.0,876.0,2490.0,0.0,4118.0,2324.0,1479,427.2481406355646,复活赛
南部赛区,80,【南部赛区】第80场,2,1778980984573,红,厦门大学嘉庚学院,深圳大学,0,420,4519.0,6903.0,1152,13,3.0,98.0,55.333333333333336,1.0,1.0,1.0,0.0,0.0,0.0,0.0,0.0,0.0,1022,0.3048926014319809,3300.0,219.0,3925.0,0.0,5061.0,3081.0,1165,387.8969957081545,复活赛
南部赛区,81,【南部赛区】第81场,1,1778981869637,红,桂林电子科技大学,广东工业大学,0,420,5012.0,4182.0,1589,12,1.0,277.0,13.0,1.0,0.0,0.0,2.0,400.0,2.0,0.0,1.0,1.0,714,0.21300715990453462,1575.0,195.0,4507.0,0.0,5495.0,1380.0,1601,313.05434103685195,复活赛
南部赛区,81,【南部赛区】第81场,2,1778983368909,红,桂林电子科技大学,广东工业大学,0,420,1857.0,5755.0,277,30,2.0,93.0,32.5,1.0,1.0,0.0,0.0,0.0,0.0,0.0,0.0,0.0,965,0.2878878281622912,3150.0,1497.0,2200.0,0.0,2944.0,1653.0,307,604.8859934853419,复活赛
南部赛区,82,【南部赛区】第82场,1,1778984250676,红,南华大学,深圳技术大学,1,420,6486.0,3580.0,1032,12,3.0,98.0,17.0,1.0,1.0,1.0,1.0,300.0,1.0,0.0,0.0,0.0,0,0.0,3600.0,1875.0,5000.0,0.0,6182.0,1725.0,1044,621.264367816092,复活赛
南部赛区,82,【南部赛区】第82场,2,1778985437848,红,南华大学,深圳技术大学,0,420,3598.0,4669.0,1254,21,4.0,115.0,17.166666666666668,1.0,1.0,2.0,1.0,200.0,1.0,0.0,0.0,0.0,948,0.2828162291169451,3755.0,1393.0,4700.0,0.0,5924.0,2362.0,1275,282.19607843137254,复活赛
南部赛区,82,【南部赛区】第82场,3,1778986541297,红,南华大学,深圳技术大学,1,420,3422.0,1265.0,890,42,3.0,98.0,14.666666666666666,1.0,1.0,1.0,0.0,0.0,0.0,0.0,0.0,0.0,591,0.17631264916467781,3600.0,2069.0,5000.0,755.0,7300.0,1531.0,932,367.16738197424894,复活赛
南部赛区,83,【南部赛区】第83场,1,1778987430277,红,五邑大学,广州城市理工学院,1,420,5043.0,4386.0,1159,17,3.0,87.0,14.666666666666666,1.0,1.0,1.0,1.0,200.0,1.0,0.0,2.0,0.0,0,0.0,3950.0,329.0,4600.0,0.0,5305.0,3621.0,1176,428.82653061224494,全国赛
南部赛区,83,【南部赛区】第83场,2,1778988282190,红,五邑大学,广州城市理工学院,1,420,6573.0,4843.0,1387,20,3.0,86.0,11.0,1.0,1.0,1.0,2.0,400.0,2.0,0.0,2.0,0.0,0,0.0,3900.0,646.0,4400.0,0.0,5265.0,3254.0,1407,467.1641791044776,全国赛
南部赛区,84,【南部赛区】第84场,1,1778989377538,红,东莞理工学院,华南农业大学,0,420,6093.0,6026.0,1360,0,3.0,51.0,11.666666666666666,1.0,1.0,1.0,2.0,600.0,2.0,0.0,2.0,3.0,141,0.042064439140811455,3475.0,1298.0,3925.0,0.0,4674.0,2177.0,1360,448.014705882353,全国赛
南部赛区,84,【南部赛区】第84场,2,1778990147563,红,东莞理工学院,华南农业大学,0,351,4429.0,9483.0,923,11,1.0,49.0,8.0,1.0,0.0,0.0,1.0,300.0,1.0,0.0,2.0,1.0,100,0.03561253561253561,2225.0,102.0,60.0,0.0,640.0,2123.0,934,474.1970021413276,全国赛
南部赛区,85,【南部赛区】第85场,1,1778994160323,红,武汉工程大学,广东工业大学,1,420,4904.0,5826.0,1069,37,5.0,55.0,8.375,1.0,4.0,0.0,0.0,0.0,0.0,0.0,0.0,0.0,0,0.0,4090.0,711.0,4400.0,0.0,5474.0,3379.0,1106,443.3996383363472,全国赛
南部赛区,85,【南部赛区】第85场,2,1778994852887,红,武汉工程大学,广东工业大学,1,420,6413.0,4734.0,1176,38,6.0,52.0,33.0,1.0,4.0,1.0,0.0,0.0,0.0,0.0,0.0,0.0,0,0.0,4100.0,804.0,3860.0,0.0,4697.0,3296.0,1214,528.2537067545305,全国赛
南部赛区,86,【南部赛区】第86场,1,1778995779610,红,深圳大学,南华大学,1,420,7303.0,6239.0,424,30,3.0,117.0,34.666666666666664,1.0,1.0,1.0,1.0,625.0,1.0,0.0,1.0,1.0,0,0.0,3450.0,105.0,4364.0,0.0,5029.0,3345.0,454,1608.590308370044,全国赛
南部赛区,86,【南部赛区】第86场,2,1778996642903,红,深圳大学,南华大学,1,420,6710.0,4943.0,1133,0,2.0,124.0,10.5,1.0,1.0,0.0,2.0,1250.0,2.0,0.0,2.0,1.0,0,0.0,2975.0,1994.0,5000.0,0.0,5671.0,981.0,1133,592.2330097087379,全国赛
南部赛区,87,【南部赛区】第87场,1,1778998192727,红,广州城市理工学院,东莞理工学院,0,420,5605.0,6713.0,1232,33,3.0,78.0,38.333333333333336,1.0,1.0,1.0,0.0,0.0,0.0,0.0,0.0,0.0,438,0.13066825775656324,3475.0,660.0,3200.0,0.0,3983.0,2815.0,1265,443.08300395256913,全国赛
南部赛区,87,【南部赛区】第87场,2,1778998916450,红,广州城市理工学院,东莞理工学院,1,420,5215.0,4399.0,1312,10,0.0,0.0,0.0,0.0,0.0,0.0,2.0,400.0,2.0,0.0,0.0,0.0,575,0.17153937947494033,900.0,26.0,4690.0,0.0,5100.0,874.0,1322,394.4780635400908,全国赛
南部赛区,87,【南部赛区】第87场,3,1779000203795,红,广州城市理工学院,东莞理工学院,1,420,5614.0,5229.0,1052,45,2.0,79.0,46.0,1.0,1.0,0.0,0.0,0.0,0.0,0.0,1.0,0.0,530,0.1581145584725537,3050.0,446.0,4074.0,0.0,4174.0,2604.0,1097,511.75934366453964,全国赛
南部赛区,87,【南部赛区】第87场,4,1779000910062,红,广州城市理工学院,东莞理工学院,1,420,4416.0,4586.0,1275,14,0.0,0.0,0.0,0.0,0.0,0.0,1.0,200.0,1.0,0.0,0.0,0.0,600,0.17899761336515513,900.0,77.0,4700.0,0.0,5396.0,823.0,1289,342.59115593483324,全国赛
南部赛区,88,【南部赛区】第88场,1,1779001883111,红,五邑大学,华南农业大学,0,420,5044.0,7776.0,1296,30,3.0,147.0,11.666666666666666,1.0,1.0,1.0,0.0,0.0,0.0,0.0,1.0,0.0,0,0.0,3350.0,304.0,2371.0,0.0,2691.0,3046.0,1326,380.3921568627451,全国赛
南部赛区,88,【南部赛区】第88场,2,1779002815710,红,五邑大学,华南农业大学,0,420,6756.0,7409.0,1419,16,3.0,83.0,12.666666666666666,1.0,1.0,1.0,1.0,200.0,1.0,0.0,2.0,0.0,256,0.07637231503579953,3950.0,428.0,3320.0,0.0,3852.0,3522.0,1435,470.801393728223,全国赛
南部赛区,88,【南部赛区】第88场,3,1779004144178,红,五邑大学,华南农业大学,0,420,5081.0,7696.0,1112,14,2.0,101.0,14.5,1.0,1.0,0.0,0.0,0.0,0.0,0.0,2.0,0.0,214,0.06384248210023866,2975.0,245.0,2000.0,0.0,2828.0,2730.0,1126,451.24333925399645,全国赛
东部赛区,7,【东部赛区】第7场,1,1779339732301,蓝,中国矿业大学,华东理工大学,0,420,1732.0,5635.0,344,3,0.0,0.0,0.0,0.0,0.0,0.0,0.0,0.0,0.0,0.0,0.0,0.0,0,0.0,875.0,194.0,3865.0,0.0,4595.0,681.0,347,499.13544668587895,复活赛
东部赛区,7,【东部赛区】第7场,2,1779340406572,蓝,中国矿业大学,华东理工大学,0,420,1015.0,7281.0,279,16,0.0,0.0,0.0,0.0,0.0,0.0,0.0,0.0,0.0,0.0,0.0,0.0,0,0.0,875.0,117.0,2880.0,0.0,3499.0,758.0,295,344.0677966101695,复活赛
东部赛区,16,【东部赛区】第16场,1,1779358048590,蓝,合肥工业大学（宣城校区）,北京理工大学（珠海）,1,420,3595.0,1747.0,777,24,0.0,0.0,0.0,0.0,0.0,0.0,0.0,0.0,0.0,0.0,0.0,0.0,24,0.007159904534606206,900.0,25.0,5000.0,290.0,6641.0,875.0,801,448.8139825218477,全国赛
东部赛区,16,【东部赛区】第16场,2,1779358859920,蓝,合肥工业大学（宣城校区）,北京理工大学（珠海）,1,420,3822.0,1969.0,1264,23,0.0,0.0,0.0,0.0,0.0,0.0,0.0,0.0,0.0,0.0,0.0,0.0,0,0.0,900.0,125.0,5000.0,0.0,5919.0,775.0,1287,296.969696969697,全国赛
东部赛区,18,【东部赛区】第18场,1,1779366053174,蓝,中国石油大学（华东）,华东理工大学,1,420,7064.0,4211.0,1042,22,3.0,152.0,46.333333333333336,1.0,1.0,1.0,0.0,0.0,0.0,0.0,0.0,0.0,0,0.0,3025.0,663.0,5000.0,720.0,7141.0,2362.0,1064,663.9097744360902,全国赛
东部赛区,18,【东部赛区】第18场,2,1779366872029,蓝,中国石油大学（华东）,华东理工大学,1,420,6741.0,4713.0,1155,19,2.0,108.0,24.0,1.0,1.0,0.0,2.0,400.0,2.0,0.0,1.0,0.0,1544,0.4606205250596659,3175.0,689.0,5000.0,0.0,6003.0,2486.0,1174,574.190800681431,全国赛
东部赛区,25,【东部赛区】第25场,1,1779417187459,蓝,南方科技大学,江南大学霞客湾校区,0,420,2843.0,4855.0,594,6,3.0,74.0,13.0,1.0,1.0,1.0,0.0,0.0,0.0,0.0,0.0,0.0,0,0.0,3825.0,1485.0,5000.0,0.0,5863.0,2340.0,600,473.8333333333333,复活赛
东部赛区,25,【东部赛区】第25场,2,1779419646097,蓝,南方科技大学,江南大学霞客湾校区,0,420,4388.0,5090.0,708,10,3.0,79.0,17.666666666666668,1.0,1.0,1.0,0.0,0.0,0.0,0.0,0.0,0.0,0,0.0,3925.0,565.0,5000.0,0.0,5615.0,3360.0,718,611.1420612813371,复活赛
东部赛区,26,【东部赛区】第26场,1,1779420519460,蓝,哈尔滨工业大学（深圳）,山东科技大学,0,420,2121.0,3302.0,628,30,0.0,0.0,0.0,0.0,0.0,0.0,0.0,0.0,0.0,0.0,1.0,0.0,468,0.159563586771224,875.0,205.0,5000.0,0.0,5537.0,670.0,658,322.3404255319149,全国赛
东部赛区,26,【东部赛区】第26场,2,1779460446142,蓝,哈尔滨工业大学（深圳）,山东科技大学,1,420,5875.0,3684.0,1479,14,2.0,388.0,8.5,1.0,1.0,0.0,0.0,0.0,0.0,0.0,2.0,3.0,619,0.18466587112171837,1025.0,83.0,5000.0,0.0,6513.0,942.0,1493,393.50301406563966,全国赛
东部赛区,26,【东部赛区】第26场,3,1779461100692,蓝,哈尔滨工业大学（深圳）,山东科技大学,0,420,4314.0,6124.0,914,45,3.0,108.0,25.333333333333332,1.0,1.0,1.0,0.0,0.0,0.0,0.0,1.0,4.0,660,0.19689737470167065,2775.0,705.0,3900.0,0.0,4521.0,2070.0,959,449.84358706986444,全国赛
东部赛区,38,【东部赛区】第38场,1,1779452330931,蓝,中国矿业大学,南京航空航天大学金城学院,0,420,3493.0,5833.0,1283,13,0.0,0.0,0.0,0.0,0.0,0.0,1.0,750.0,0.0,1.0,0.0,0.0,1653,0.4931384248210024,875.0,17.0,2690.0,0.0,3165.0,858.0,1296,269.5216049382716,复活赛
东部赛区,38,【东部赛区】第38场,2,1779453031879,蓝,中国矿业大学,南京航空航天大学金城学院,0,420,3210.0,3930.0,1175,15,1.0,178.0,48.0,1.0,0.0,0.0,0.0,0.0,0.0,0.0,1.0,0.0,1580,0.4713603818615752,2075.0,466.0,5000.0,0.0,5525.0,1609.0,1190,269.74789915966386,复活赛
东部赛区,41,【东部赛区】第41场,1,1779496373411,蓝,山东科技大学,合肥工业大学（宣城校区）,1,420,4997.0,3871.0,1168,18,0.0,0.0,0.0,0.0,0.0,0.0,1.0,625.0,1.0,0.0,1.0,0.0,0,0.0,875.0,14.0,5000.0,0.0,5809.0,861.0,1186,421.3322091062395,全国赛
东部赛区,41,【东部赛区】第41场,2,1779497052576,蓝,山东科技大学,合肥工业大学（宣城校区）,1,420,4649.0,3262.0,1084,17,4.0,128.0,39.833333333333336,1.0,2.0,1.0,0.0,0.0,0.0,0.0,0.0,0.0,0,0.0,3315.0,361.0,5000.0,0.0,6711.0,2954.0,1101,422.252497729337,全国赛
东部赛区,42,【东部赛区】第42场,1,1779497941858,蓝,浙江大学,江南大学霞客湾校区,1,420,3917.0,2862.0,751,18,3.0,113.0,15.5,1.0,2.0,0.0,1.0,625.0,1.0,0.0,2.0,2.0,0,0.0,3055.0,1140.0,5000.0,0.0,6221.0,1915.0,769,509.36280884265284,全国赛
东部赛区,42,【东部赛区】第42场,2,1779498722309,蓝,浙江大学,江南大学霞客湾校区,1,420,4632.0,5091.0,895,21,2.0,137.0,12.5,1.0,1.0,0.0,1.0,625.0,1.0,0.0,2.0,3.0,0,0.0,2950.0,514.0,5000.0,0.0,5618.0,2436.0,916,505.67685589519647,全国赛
东部赛区,51,【东部赛区】第51场,1,1779520539290,蓝,南京航空航天大学金城学院,太原科技大学,0,420,4729.0,5329.0,1032,13,0.0,0.0,0.0,0.0,0.0,0.0,0.0,0.0,0.0,0.0,0.0,0.0,0,0.0,800.0,16.0,5000.0,0.0,5128.0,784.0,1045,452.5358851674641,复活赛
东部赛区,51,【东部赛区】第51场,2,1779521217232,蓝,南京航空航天大学金城学院,太原科技大学,1,420,4315.0,3742.0,1057,15,0.0,0.0,0.0,0.0,0.0,0.0,0.0,0.0,0.0,0.0,0.0,0.0,0,0.0,800.0,37.0,5000.0,0.0,5567.0,763.0,1072,402.5186567164179,复活赛
东部赛区,51,【东部赛区】第51场,3,1779521960092,蓝,南京航空航天大学金城学院,太原科技大学,1,420,4207.0,3286.0,995,5,0.0,0.0,0.0,0.0,0.0,0.0,0.0,0.0,0.0,0.0,0.0,0.0,0,0.0,800.0,123.0,5000.0,0.0,5703.0,677.0,1000,420.7,复活赛
东部赛区,55,【东部赛区】第55场,1,1779528983756,蓝,合肥工业大学（宣城校区）,江南大学霞客湾校区,1,420,6011.0,4592.0,1405,18,2.0,108.0,21.5,1.0,1.0,0.0,0.0,0.0,0.0,0.0,0.0,0.0,0,0.0,3125.0,894.0,5000.0,0.0,5475.0,2231.0,1423,422.41742796907937,全国赛
东部赛区,55,【东部赛区】第55场,2,1779529644496,蓝,合肥工业大学（宣城校区）,江南大学霞客湾校区,0,420,3628.0,3715.0,1013,0,2.0,95.0,20.5,1.0,1.0,0.0,0.0,0.0,0.0,0.0,0.0,0.0,0,0.0,3175.0,1533.0,4750.0,0.0,5650.0,1642.0,1013,358.14412635735437,全国赛
东部赛区,55,【东部赛区】第55场,3,1779530437725,蓝,合肥工业大学（宣城校区）,江南大学霞客湾校区,1,420,5021.0,3511.0,1412,3,3.0,88.0,48.666666666666664,1.0,1.0,1.0,0.0,0.0,0.0,0.0,0.0,0.0,0,0.0,3275.0,1272.0,5000.0,0.0,5928.0,2003.0,1415,354.8409893992933,全国赛
东部赛区,57,【东部赛区】第57场,1,1779538151452,蓝,南方科技大学,哈尔滨工业大学（深圳）,1,420,4813.0,5106.0,1042,38,3.0,77.0,15.333333333333334,1.0,1.0,1.0,0.0,0.0,0.0,0.0,0.0,0.0,1666,0.4970167064439141,3975.0,373.0,4925.0,0.0,6432.0,3602.0,1080,445.64814814814815,复活赛
东部赛区,57,【东部赛区】第57场,2,1779538958021,蓝,南方科技大学,哈尔滨工业大学（深圳）,0,420,2935.0,5105.0,1203,27,4.0,76.0,15.666666666666666,1.0,1.0,2.0,1.0,750.0,0.0,1.0,0.0,0.0,1721,0.5134248210023866,4075.0,420.0,4175.0,0.0,5116.0,3655.0,1230,238.6178861788618,复活赛
东部赛区,57,【东部赛区】第57场,3,1779539822176,蓝,南方科技大学,哈尔滨工业大学（深圳）,0,420,3328.0,3336.0,649,23,0.0,0.0,0.0,0.0,0.0,0.0,0.0,0.0,0.0,0.0,0.0,0.0,1435,0.4892601431980907,875.0,235.0,5000.0,0.0,5338.0,640.0,672,495.23809523809524,复活赛
东部赛区,67,【东部赛区】第67场,1,1779603144791,蓝,太原科技大学,山东科技大学,0,420,3216.0,6555.0,1101,9,3.0,91.0,33.333333333333336,1.0,1.0,1.0,0.0,0.0,0.0,0.0,0.0,0.0,768,0.22911694510739858,3225.0,267.0,3325.0,0.0,3708.0,2958.0,1110,289.72972972972974,复活赛
东部赛区,67,【东部赛区】第67场,2,1779604013536,蓝,太原科技大学,山东科技大学,0,420,4700.0,5159.0,1406,27,3.0,75.0,29.666666666666668,1.0,1.0,1.0,0.0,0.0,0.0,0.0,0.0,0.0,939,0.2801312649164678,3825.0,867.0,3672.0,0.0,4610.0,2958.0,1433,327.98325191905093,复活赛
东部赛区,68,【东部赛区】第68场,1,1779605093745,蓝,南京航空航天大学金城学院,北京理工大学（珠海）,0,420,3130.0,3617.0,1034,2,0.0,0.0,0.0,0.0,0.0,0.0,0.0,0.0,0.0,0.0,0.0,0.0,0,0.0,800.0,184.0,5000.0,0.0,5720.0,616.0,1036,302.12355212355214,复活赛
东部赛区,68,【东部赛区】第68场,2,1779605808336,蓝,南京航空航天大学金城学院,北京理工大学（珠海）,0,420,2200.0,2390.0,963,0,0.0,0.0,0.0,0.0,0.0,0.0,0.0,0.0,0.0,0.0,0.0,0.0,0,0.0,800.0,137.0,5000.0,0.0,6000.0,663.0,963,228.4527518172378,复活赛
东部赛区,69,【东部赛区】第69场,1,1779606939798,蓝,浙江大学,中国矿业大学,1,420,6678.0,3087.0,1195,1,4.0,101.0,12.5,1.0,3.0,0.0,1.0,625.0,1.0,0.0,2.0,1.0,0,0.0,3480.0,1896.0,5000.0,0.0,6305.0,1584.0,1196,558.3612040133779,全国赛
东部赛区,69,【东部赛区】第69场,2,1779607648809,蓝,浙江大学,中国矿业大学,1,420,8348.0,1192.0,1838,7,4.0,84.0,19.166666666666668,1.0,2.0,1.0,2.0,1250.0,2.0,0.0,2.0,3.0,0,0.0,3845.0,2004.0,5000.0,1500.0,8191.0,1841.0,1845,452.4661246612466,全国赛
东部赛区,70,【东部赛区】第70场,1,1779608504282,蓝,江南大学霞客湾校区,华东理工大学,0,420,5041.0,6537.0,1216,25,0.0,0.0,0.0,0.0,0.0,0.0,1.0,200.0,1.0,0.0,0.0,0.0,1234,0.3681384248210024,875.0,9.0,3900.0,0.0,5079.0,866.0,1241,406.204673650282,复活赛
东部赛区,70,【东部赛区】第70场,2,1779609177426,蓝,江南大学霞客湾校区,华东理工大学,1,420,4401.0,4150.0,1068,16,2.0,275.0,31.0,1.0,1.0,0.0,2.0,400.0,2.0,0.0,1.0,0.0,1113,0.33204057279236276,1700.0,531.0,5000.0,0.0,6192.0,1169.0,1084,405.99630996309963,复活赛
东部赛区,70,【东部赛区】第70场,3,1779609917490,蓝,江南大学霞客湾校区,华东理工大学,0,420,2431.0,5443.0,426,26,0.0,0.0,0.0,0.0,0.0,0.0,0.0,0.0,0.0,0.0,0.0,0.0,877,0.26163484486873506,875.0,105.0,4150.0,0.0,4668.0,770.0,452,537.8318584070796,复活赛
东部赛区,72,【东部赛区】第72场,1,1779613180708,蓝,南方科技大学,南京理工大学,0,420,4945.0,4172.0,2120,10,4.0,90.0,14.833333333333334,1.0,1.0,2.0,0.0,0.0,0.0,0.0,0.0,0.0,201,0.05996420047732697,4020.0,1226.0,4950.0,0.0,6409.0,2794.0,2130,232.15962441314554,复活赛
东部赛区,72,【东部赛区】第72场,2,1779614125704,蓝,南方科技大学,南京理工大学,0,420,2336.0,3648.0,1387,39,3.0,114.0,15.0,1.0,1.0,1.0,0.0,0.0,0.0,0.0,0.0,0.0,195,0.06648482782134334,3625.0,421.0,4950.0,0.0,5310.0,3204.0,1426,163.8148667601683,复活赛
东部赛区,73,【东部赛区】第73场,1,1779615070122,蓝,中国科学技术大学,哈尔滨工业大学（深圳）,1,420,4006.0,3514.0,981,14,2.0,133.0,26.0,1.0,1.0,0.0,0.0,0.0,0.0,0.0,0.0,0.0,1476,0.4403341288782816,2500.0,1497.0,5000.0,0.0,6316.0,1003.0,995,402.6130653266332,复活赛
东部赛区,73,【东部赛区】第73场,2,1779615925143,蓝,中国科学技术大学,哈尔滨工业大学（深圳）,0,420,5042.0,5094.0,1177,9,2.0,148.0,27.5,1.0,1.0,0.0,0.0,0.0,0.0,0.0,0.0,0.0,1487,0.44361575178997614,2800.0,521.0,4390.0,0.0,5545.0,2279.0,1186,425.1264755480607,复活赛
东部赛区,73,【东部赛区】第73场,3,1779616628393,蓝,中国科学技术大学,哈尔滨工业大学（深圳）,0,420,3220.0,5494.0,845,11,0.0,0.0,0.0,0.0,0.0,0.0,0.0,0.0,0.0,0.0,0.0,0.0,1676,0.5,875.0,100.0,3350.0,0.0,4056.0,775.0,856,376.1682242990654,复活赛
东部赛区,75,【东部赛区】第75场,1,1779623589761,蓝,北京理工大学（珠海）,山东科技大学,0,420,3596.0,7024.0,961,15,1.0,205.0,22.0,1.0,0.0,0.0,0.0,0.0,0.0,0.0,0.0,0.0,479,0.14289976133651552,1925.0,678.0,3200.0,0.0,3425.0,1247.0,976,368.44262295081967,全国赛
东部赛区,75,【东部赛区】第75场,2,1779624263540,蓝,北京理工大学（珠海）,山东科技大学,0,417,3615.0,9789.0,807,17,0.0,0.0,0.0,0.0,0.0,0.0,0.0,0.0,0.0,0.0,0.0,0.0,453,0.1357913669064748,875.0,68.0,120.0,0.0,1241.0,807.0,824,438.71359223300976,全国赛
东部赛区,76,【东部赛区】第76场,1,1779625095053,蓝,浙江大学,华东理工大学,1,420,6183.0,6217.0,1330,23,2.0,98.0,10.0,1.0,1.0,0.0,1.0,625.0,1.0,0.0,2.0,2.0,0,0.0,3275.0,943.0,5000.0,0.0,5808.0,2332.0,1353,456.98447893569846,全国赛
东部赛区,76,【东部赛区】第76场,2,1779625969935,蓝,浙江大学,华东理工大学,1,420,6507.0,6230.0,1274,10,3.0,116.0,22.5,1.0,2.0,0.0,2.0,1250.0,2.0,0.0,2.0,0.0,0,0.0,3230.0,1839.0,4750.0,0.0,5650.0,1391.0,1284,506.77570093457945,全国赛
东部赛区,77,【东部赛区】第77场,1,1779626887586,蓝,南京理工大学,合肥工业大学（宣城校区）,0,420,4010.0,5989.0,1091,10,3.0,94.0,17.666666666666668,1.0,1.0,1.0,0.0,0.0,0.0,0.0,0.0,0.0,0,0.0,3775.0,236.0,4950.0,0.0,5258.0,3539.0,1101,364.21435059037236,全国赛
东部赛区,77,【东部赛区】第77场,2,1779627739094,蓝,南京理工大学,合肥工业大学（宣城校区）,1,420,4036.0,3014.0,977,30,3.0,123.0,17.666666666666668,1.0,1.0,1.0,0.0,0.0,0.0,0.0,1.0,1.0,0,0.0,3500.0,969.0,5000.0,0.0,5552.0,2531.0,1007,400.7944389275075,全国赛
东部赛区,77,【东部赛区】第77场,3,1779628814225,蓝,南京理工大学,合肥工业大学（宣城校区）,0,420,3033.0,4179.0,833,12,0.0,0.0,0.0,0.0,0.0,0.0,0.0,0.0,0.0,0.0,0.0,0.0,0,0.0,875.0,103.0,4145.0,0.0,4260.0,772.0,845,358.93491124260356,全国赛
东部赛区,78,【东部赛区】第78场,1,1779629878921,蓝,哈尔滨工业大学（深圳）,中国石油大学（华东）,0,420,3990.0,8045.0,1122,2,2.0,180.0,11.0,1.0,1.0,0.0,0.0,0.0,0.0,0.0,1.0,0.0,0,0.0,2525.0,935.0,2690.0,0.0,3018.0,1590.0,1124,354.98220640569394,全国赛
东部赛区,78,【东部赛区】第78场,2,1779630576623,蓝,哈尔滨工业大学（深圳）,中国石油大学（华东）,0,420,1477.0,9936.0,276,8,0.0,0.0,0.0,0.0,0.0,0.0,0.0,0.0,0.0,0.0,0.0,0.0,77,0.022971360381861577,875.0,70.0,1670.0,0.0,2230.0,805.0,284,520.0704225352113,全国赛
东部赛区,79,【东部赛区】第79场,1,1779669143306,蓝,南京航空航天大学金城学院,太原科技大学,1,420,5772.0,3298.0,1119,11,1.0,134.0,21.0,1.0,0.0,0.0,0.0,0.0,0.0,0.0,0.0,0.0,0,0.0,2200.0,60.0,4750.0,0.0,5801.0,2140.0,1130,510.7964601769911,复活赛
东部赛区,79,【东部赛区】第79场,2,1779670004904,蓝,南京航空航天大学金城学院,太原科技大学,0,420,2930.0,3178.0,833,1,0.0,0.0,0.0,0.0,0.0,0.0,0.0,0.0,0.0,0.0,0.0,0.0,0,0.0,800.0,116.0,4750.0,0.0,5313.0,684.0,834,351.3189448441247,复活赛
东部赛区,79,【东部赛区】第79场,3,1779670730962,蓝,南京航空航天大学金城学院,太原科技大学,1,420,3261.0,2949.0,890,5,0.0,0.0,0.0,0.0,0.0,0.0,0.0,0.0,0.0,0.0,0.0,0.0,0,0.0,800.0,176.0,5000.0,0.0,5885.0,624.0,895,364.35754189944134,复活赛
东部赛区,80,【东部赛区】第80场,1,1779671772257,蓝,中国矿业大学,江南大学霞客湾校区,1,420,4632.0,3924.0,1268,10,3.0,154.0,34.333333333333336,1.0,1.0,1.0,0.0,0.0,0.0,0.0,1.0,0.0,0,0.0,2825.0,1415.0,5000.0,0.0,6107.0,1410.0,1278,362.4413145539906,复活赛
东部赛区,80,【东部赛区】第80场,2,1779672632222,蓝,中国矿业大学,江南大学霞客湾校区,0,420,2823.0,3781.0,1076,15,0.0,0.0,0.0,0.0,0.0,0.0,0.0,0.0,0.0,0.0,0.0,0.0,14,0.004176610978520286,875.0,0.0,5000.0,0.0,5447.0,875.0,1091,258.7534372135655,复活赛
东部赛区,80,【东部赛区】第80场,3,1779673399850,蓝,中国矿业大学,江南大学霞客湾校区,1,420,3965.0,3495.0,1076,0,0.0,0.0,0.0,0.0,0.0,0.0,0.0,0.0,0.0,0.0,1.0,0.0,0,0.0,875.0,183.0,5000.0,0.0,5100.0,692.0,1076,368.49442379182153,复活赛
东部赛区,83,【东部赛区】第83场,1,1779678396942,蓝,合肥工业大学（宣城校区）,山东科技大学,0,420,4810.0,6041.0,1313,30,2.0,140.0,9.5,1.0,1.0,0.0,0.0,0.0,0.0,0.0,0.0,0.0,592,0.1766109785202864,2775.0,807.0,4120.0,0.0,4968.0,1968.0,1343,358.1533879374535,全国赛
东部赛区,83,【东部赛区】第83场,2,1779679103923,蓝,合肥工业大学（宣城校区）,山东科技大学,0,420,2887.0,6109.0,452,36,3.0,120.0,27.666666666666668,1.0,1.0,1.0,0.0,0.0,0.0,0.0,0.0,0.0,387,0.11545346062052506,3000.0,608.0,3740.0,425.0,4810.0,2392.0,488,591.5983606557378,全国赛
东部赛区,84,【东部赛区】第84场,1,1779680109182,蓝,中国石油大学（华东）,浙江大学,1,420,6107.0,5117.0,1712,4,3.0,107.0,22.666666666666668,1.0,1.0,1.0,0.0,0.0,0.0,0.0,2.0,1.0,530,0.1581145584725537,3450.0,547.0,5000.0,0.0,5552.0,2903.0,1716,355.8857808857809,全国赛
东部赛区,84,【东部赛区】第84场,2,1779680995990,蓝,中国石油大学（华东）,浙江大学,1,420,8569.0,4756.0,1757,15,4.0,116.0,22.5,1.0,1.0,2.0,1.0,200.0,1.0,0.0,2.0,0.0,259,0.07726730310262529,3735.0,1414.0,5000.0,0.0,6115.0,2321.0,1772,483.57787810383746,全国赛
东部赛区,87,【东部赛区】第87场,1,1779689998185,蓝,浙江大学,合肥工业大学（宣城校区）,0,420,4952.0,5655.0,1276,7,1.0,156.0,22.0,1.0,0.0,0.0,0.0,0.0,0.0,0.0,2.0,1.0,0,0.0,2300.0,274.0,5000.0,0.0,5547.0,2026.0,1283,385.97038191738113,全国赛
东部赛区,87,【东部赛区】第87场,2,1779690820249,蓝,浙江大学,合肥工业大学（宣城校区）,0,420,3597.0,6102.0,1227,5,3.0,124.0,33.75,1.0,2.0,0.0,0.0,0.0,0.0,0.0,2.0,0.0,0,0.0,3180.0,348.0,4950.0,0.0,6003.0,2832.0,1232,291.9642857142857,全国赛
东部赛区,87,【东部赛区】第87场,3,1779692086876,蓝,浙江大学,合肥工业大学（宣城校区）,1,420,5486.0,4128.0,1334,4,2.0,121.0,20.5,1.0,1.0,0.0,1.0,625.0,1.0,0.0,2.0,2.0,0,0.0,3100.0,1004.0,5000.0,0.0,6186.0,2096.0,1338,410.0149476831091,全国赛
东部赛区,87,【东部赛区】第87场,4,1779692812687,蓝,浙江大学,合肥工业大学（宣城校区）,0,420,3054.0,4497.0,529,7,3.0,92.0,13.75,1.0,2.0,0.0,0.0,0.0,0.0,0.0,1.0,1.0,0,0.0,3455.0,36.0,5000.0,0.0,5706.0,3419.0,536,569.776119402985,全国赛
东部赛区,88,【东部赛区】第88场,1,1779693823256,蓝,中国石油大学（华东）,山东科技大学,0,420,4788.0,5658.0,1180,5,1.0,156.0,10.0,1.0,0.0,0.0,0.0,0.0,0.0,0.0,1.0,0.0,652,0.19451073985680192,2275.0,322.0,4525.0,0.0,4979.0,1953.0,1185,404.0506329113924,全国赛
东部赛区,88,【东部赛区】第88场,2,1779694694514,蓝,中国石油大学（华东）,山东科技大学,1,420,4411.0,4046.0,1272,5,0.0,0.0,0.0,0.0,0.0,0.0,1.0,200.0,1.0,0.0,2.0,0.0,5,0.0014916467780429594,975.0,181.0,5000.0,0.0,6515.0,794.0,1277,345.41895066562256,全国赛
东部赛区,88,【东部赛区】第88场,3,1779696117794,蓝,中国石油大学（华东）,山东科技大学,1,420,4999.0,2734.0,1289,14,0.0,0.0,0.0,0.0,0.0,0.0,2.0,400.0,2.0,0.0,2.0,2.0,2,0.0006818956699624957,975.0,143.0,5000.0,0.0,6204.0,832.0,1303,383.65310821181885,全国赛
东部赛区,88,【东部赛区】第88场,4,1779697007200,蓝,中国石油大学（华东）,山东科技大学,1,420,6381.0,3602.0,1315,4,0.0,0.0,0.0,0.0,0.0,0.0,1.0,200.0,1.0,0.0,1.0,0.0,6,0.002045687009887487,975.0,202.0,5000.0,0.0,5923.0,773.0,1319,483.7755875663381,全国赛
北部赛区,4,【北部赛区】第4场,1,1780022425775,蓝,西北工业大学,山东理工大学,1,420,2948.0,3903.0,632,12,1.0,142.0,51.0,1.0,0.0,0.0,0.0,0.0,0.0,0.0,0.0,0.0,265,0.09035117627003068,2225.0,705.0,4950.0,0.0,5642.0,1520.0,644,457.76397515527947,全国赛
北部赛区,4,【北部赛区】第4场,2,1780023092529,蓝,西北工业大学,山东理工大学,0,420,1648.0,3784.0,585,5,0.0,0.0,0.0,0.0,0.0,0.0,0.0,0.0,0.0,0.0,1.0,0.0,77,0.026252983293556086,875.0,225.0,5000.0,0.0,5305.0,650.0,590,279.32203389830505,全国赛
北部赛区,4,【北部赛区】第4场,3,1780023778771,蓝,西北工业大学,山东理工大学,1,420,3274.0,3322.0,729,18,2.0,135.0,43.5,1.0,1.0,0.0,0.0,0.0,0.0,0.0,0.0,0.0,129,0.04398227071258098,2375.0,935.0,5000.0,0.0,5678.0,1440.0,747,438.2864792503347,全国赛
北部赛区,8,【北部赛区】第8场,1,1780033932148,蓝,西安电子科技大学,长安大学,1,420,2200.0,1427.0,719,17,0.0,0.0,0.0,0.0,0.0,0.0,0.0,0.0,0.0,0.0,2.0,3.0,0,0.0,875.0,241.0,5000.0,900.0,6573.0,634.0,736,298.9130434782609,复活赛
北部赛区,8,【北部赛区】第8场,2,1780034699553,蓝,西安电子科技大学,长安大学,1,420,3127.0,2291.0,1085,23,1.0,417.0,17.0,1.0,0.0,0.0,0.0,0.0,0.0,0.0,2.0,0.0,0,0.0,875.0,36.0,5000.0,0.0,6088.0,839.0,1108,282.2202166064982,复活赛
北部赛区,11,【北部赛区】第11场,1,1780039222177,蓝,沈阳理工大学,大连理工大学,1,420,3927.0,3598.0,1187,15,3.0,124.0,26.75,1.0,2.0,0.0,0.0,0.0,0.0,0.0,0.0,0.0,0,0.0,2960.0,1035.0,5000.0,0.0,6083.0,1925.0,1202,326.7054908485857,复活赛
北部赛区,11,【北部赛区】第11场,2,1780039913860,蓝,沈阳理工大学,大连理工大学,1,420,5799.0,3937.0,1137,10,2.0,305.0,34.5,1.0,1.0,0.0,0.0,0.0,0.0,0.0,0.0,0.0,0,0.0,1550.0,570.0,4850.0,0.0,5482.0,980.0,1147,505.5797733217088,复活赛
北部赛区,17,【北部赛区】第17场,1,1780056217882,蓝,哈尔滨工业大学,西北工业大学,0,420,2279.0,3405.0,1103,19,5.0,81.0,20.444444444444446,1.0,1.0,3.0,0.0,0.0,0.0,0.0,0.0,0.0,0,0.0,4090.0,2570.0,5000.0,0.0,6158.0,1520.0,1122,203.11942959001783,全国赛
北部赛区,17,【北部赛区】第17场,2,1780056975308,蓝,哈尔滨工业大学,西北工业大学,0,420,1801.0,4858.0,736,7,5.0,78.0,16.0,1.0,2.0,2.0,0.0,0.0,0.0,0.0,0.0,0.0,0,0.0,4240.0,1897.0,3425.0,0.0,4503.0,2343.0,743,242.3956931359354,全国赛
北部赛区,18,【北部赛区】第18场,1,1780057880180,蓝,哈尔滨工业大学（威海）,西安交通大学,0,420,4917.0,7385.0,1828,14,3.0,72.0,48.333333333333336,1.0,1.0,1.0,0.0,0.0,0.0,0.0,0.0,0.0,1589,0.4740453460620525,3325.0,1507.0,2437.0,0.0,3623.0,1818.0,1842,266.9381107491857,全国赛
北部赛区,18,【北部赛区】第18场,2,1780058695874,蓝,哈尔滨工业大学（威海）,西安交通大学,0,420,4543.0,7692.0,1246,7,2.0,121.0,34.5,1.0,1.0,0.0,0.0,0.0,0.0,0.0,0.0,0.0,1673,0.49910501193317425,2750.0,437.0,2615.0,0.0,3616.0,2313.0,1253,362.5698324022346,全国赛
北部赛区,26,【北部赛区】第26场,1,1780111494555,蓝,同济大学,沈阳理工大学,1,420,7368.0,3138.0,1502,48,6.0,83.0,9.916666666666666,1.0,1.0,4.0,0.0,0.0,0.0,0.0,2.0,3.0,183,0.05459427207637232,4465.0,1629.0,5000.0,0.0,6663.0,2836.0,1550,475.35483870967744,全国赛
北部赛区,26,【北部赛区】第26场,2,1780112285247,蓝,同济大学,沈阳理工大学,1,420,7289.0,3658.0,1379,52,5.0,76.0,10.666666666666666,1.0,1.0,3.0,0.0,0.0,0.0,0.0,2.0,2.0,1292,0.3854415274463007,4345.0,2008.0,5000.0,0.0,6541.0,2337.0,1431,509.36408106219426,全国赛
北部赛区,33,【北部赛区】第33场,1,1780129471249,蓝,西安电子科技大学,西北工业大学,1,420,4150.0,3612.0,1116,25,2.0,104.0,20.5,1.0,1.0,0.0,0.0,0.0,0.0,0.0,2.0,0.0,1003,0.29922434367541767,2525.0,196.0,5000.0,0.0,6055.0,2329.0,1141,363.7160385626643,复活赛
北部赛区,33,【北部赛区】第33场,2,1780130263739,蓝,西安电子科技大学,西北工业大学,1,420,5938.0,2907.0,1278,25,3.0,93.0,25.666666666666668,1.0,1.0,1.0,0.0,0.0,0.0,0.0,2.0,2.0,0,0.0,3175.0,1826.0,5000.0,0.0,6039.0,1349.0,1303,455.7175748273216,复活赛
北部赛区,41,【北部赛区】第41场,1,1780187733101,蓝,应急管理大学,北京理工大学,0,420,5204.0,6128.0,1179,13,2.0,121.0,14.0,1.0,1.0,0.0,0.0,0.0,0.0,0.0,0.0,0.0,1167,0.34815035799522676,2875.0,471.0,3160.0,0.0,3961.0,2404.0,1192,436.5771812080537,复活赛
北部赛区,41,【北部赛区】第41场,2,1780188461549,蓝,应急管理大学,北京理工大学,0,420,5772.0,4795.0,1333,20,4.0,105.0,23.5,1.0,1.0,2.0,0.0,0.0,0.0,0.0,0.0,0.0,1257,0.375,3585.0,1051.0,4550.0,0.0,5684.0,2534.0,1353,426.6075388026607,复活赛
北部赛区,42,【北部赛区】第42场,1,1780189382040,蓝,同济大学,东北大学,1,420,5614.0,5438.0,1961,32,5.0,83.0,12.333333333333334,1.0,1.0,3.0,0.0,0.0,0.0,0.0,2.0,2.0,1381,0.4119928400954654,4365.0,2026.0,4550.0,0.0,6041.0,2339.0,1993,281.685900652283,全国赛
北部赛区,42,【北部赛区】第42场,2,1780190225624,蓝,同济大学,东北大学,1,420,6933.0,5232.0,1560,20,5.0,102.0,12.777777777777777,1.0,1.0,3.0,0.0,0.0,0.0,0.0,2.0,2.0,1536,0.45823389021479716,4130.0,975.0,4550.0,0.0,5476.0,3155.0,1580,438.79746835443035,全国赛
北部赛区,49,【北部赛区】第49场,1,1780208217034,蓝,哈尔滨工业大学（威海）,西北工业大学,0,420,2644.0,4014.0,1170,20,3.0,76.0,27.666666666666668,1.0,1.0,1.0,2.0,400.0,2.0,0.0,1.0,0.0,1186,0.35381861575178997,3625.0,2122.0,4246.0,0.0,5342.0,1503.0,1190,222.18487394957984,全国赛
北部赛区,49,【北部赛区】第49场,2,1780209002875,蓝,哈尔滨工业大学（威海）,西北工业大学,1,420,8621.0,2996.0,1624,46,4.0,71.0,15.833333333333334,2.0,1.0,1.0,0.0,0.0,0.0,0.0,2.0,1.0,911,0.2717780429594272,4060.0,1905.0,4950.0,0.0,5693.0,2155.0,1670,516.2275449101796,全国赛
北部赛区,49,【北部赛区】第49场,3,1780209683571,蓝,哈尔滨工业大学（威海）,西北工业大学,0,420,3010.0,3852.0,1368,7,4.0,73.0,21.333333333333332,1.0,2.0,1.0,0.0,0.0,0.0,0.0,0.0,0.0,961,0.2866945107398568,4195.0,890.0,4925.0,0.0,5735.0,3305.0,1375,218.9090909090909,全国赛
北部赛区,50,【北部赛区】第50场,1,1780210685636,蓝,山东理工大学,长安大学,0,420,4683.0,4585.0,1665,10,4.0,107.0,23.666666666666668,1.0,1.0,2.0,0.0,0.0,0.0,0.0,0.0,0.0,0,0.0,3655.0,727.0,4550.0,0.0,5639.0,2928.0,1675,279.5820895522388,复活赛
北部赛区,50,【北部赛区】第50场,2,1780211503402,蓝,山东理工大学,长安大学,1,420,5493.0,3372.0,1446,10,4.0,127.0,17.5,1.0,1.0,2.0,0.0,0.0,0.0,0.0,0.0,0.0,433,0.1291766109785203,3410.0,567.0,5000.0,705.0,7274.0,2843.0,1456,377.2664835164835,复活赛
北部赛区,50,【北部赛区】第50场,3,1780212159780,蓝,山东理工大学,长安大学,1,420,5549.0,1761.0,1293,7,3.0,99.0,13.666666666666666,1.0,1.0,1.0,0.0,0.0,0.0,0.0,0.0,0.0,456,0.1360381861575179,3725.0,1923.0,5000.0,1290.0,7667.0,1802.0,1300,426.84615384615387,复活赛
北部赛区,55,【北部赛区】第55场,1,1780220434682,蓝,应急管理大学,沈阳理工大学,1,420,5265.0,4015.0,1172,11,3.0,112.0,24.333333333333332,1.0,1.0,1.0,0.0,0.0,0.0,0.0,0.0,0.0,0,0.0,3375.0,1331.0,5000.0,0.0,5662.0,2044.0,1183,445.05494505494505,复活赛
北部赛区,55,【北部赛区】第55场,2,1780221232657,蓝,应急管理大学,沈阳理工大学,1,420,5875.0,4491.0,1404,37,3.0,85.0,23.333333333333332,1.0,1.0,1.0,0.0,0.0,0.0,0.0,0.0,0.0,0,0.0,3675.0,1090.0,4130.0,0.0,5047.0,2585.0,1441,407.70298403886187,复活赛
北部赛区,57,【北部赛区】第57场,1,1780228415942,蓝,复旦大学,东北大学,0,420,3761.0,9500.0,1229,12,4.0,82.0,22.666666666666668,1.0,1.0,2.0,0.0,0.0,0.0,0.0,0.0,0.0,1330,0.3967780429594272,3755.0,1696.0,1871.0,0.0,2912.0,2059.0,1241,303.06204673650285,全国赛
北部赛区,57,【北部赛区】第57场,2,1780229118301,蓝,复旦大学,东北大学,0,420,1833.0,8725.0,562,13,0.0,0.0,0.0,0.0,0.0,0.0,0.0,0.0,0.0,0.0,0.0,0.0,1382,0.41229116945107397,900.0,131.0,1090.0,0.0,1523.0,769.0,575,318.7826086956522,全国赛
北部赛区,68,【北部赛区】第68场,1,1780295882006,蓝,山东理工大学,东北大学,0,420,4622.0,7041.0,1551,22,3.0,127.0,21.666666666666668,1.0,1.0,1.0,0.0,0.0,0.0,0.0,0.0,0.0,0,0.0,3325.0,157.0,3970.0,0.0,5499.0,3168.0,1573,293.83343928798473,复活赛
北部赛区,68,【北部赛区】第68场,2,1780296578248,蓝,山东理工大学,东北大学,0,420,3975.0,10393.0,1462,8,3.0,131.0,26.333333333333332,1.0,1.0,1.0,0.0,0.0,0.0,0.0,0.0,0.0,1337,0.39886634844868735,3350.0,624.0,2911.0,0.0,3271.0,2726.0,1470,270.4081632653061,复活赛
北部赛区,69,【北部赛区】第69场,1,1780298013412,蓝,北京理工大学,长安大学,1,420,5386.0,3698.0,1512,31,3.0,100.0,31.333333333333332,1.0,1.0,1.0,0.0,0.0,0.0,0.0,1.0,0.0,1120,0.3341288782816229,3675.0,1370.0,4950.0,0.0,5872.0,2305.0,1543,349.06027219701883,全国赛
北部赛区,69,【北部赛区】第69场,2,1780298681256,蓝,北京理工大学,长安大学,1,420,4675.0,3733.0,1315,12,3.0,133.0,38.333333333333336,1.0,1.0,1.0,0.0,0.0,0.0,0.0,2.0,0.0,1184,0.3532219570405728,3075.0,79.0,5000.0,0.0,6223.0,2996.0,1327,352.29841748304443,全国赛
北部赛区,70,【北部赛区】第70场,1,1780299528186,蓝,沈阳理工大学,西北工业大学,0,420,5076.0,4522.0,1401,3,3.0,114.0,37.75,1.0,2.0,0.0,0.0,0.0,0.0,0.0,0.0,0.0,0,0.0,2935.0,506.0,4850.0,0.0,5427.0,2429.0,1404,361.53846153846155,复活赛
北部赛区,70,【北部赛区】第70场,2,1780300527216,蓝,沈阳理工大学,西北工业大学,0,420,5117.0,5805.0,1310,2,2.0,146.0,42.5,1.0,1.0,0.0,1.0,200.0,1.0,0.0,0.0,0.0,988,0.2947494033412888,2650.0,102.0,4245.0,0.0,4526.0,2548.0,1312,390.01524390243907,复活赛
北部赛区,71,【北部赛区】第71场,1,1780302078256,蓝,应急管理大学,哈尔滨工业大学（威海）,0,420,5538.0,7512.0,1250,15,3.0,68.0,18.333333333333332,1.0,1.0,1.0,0.0,0.0,0.0,0.0,0.0,0.0,1931,0.576073985680191,3575.0,1120.0,2291.0,0.0,3825.0,2455.0,1265,437.78656126482207,复活赛
北部赛区,71,【北部赛区】第71场,2,1780302943820,蓝,应急管理大学,哈尔滨工业大学（威海）,0,420,4107.0,4763.0,1093,14,0.0,0.0,0.0,0.0,0.0,0.0,1.0,200.0,1.0,0.0,0.0,0.0,1702,0.5077565632458234,800.0,130.0,4545.0,0.0,5055.0,670.0,1107,371.0027100271003,复活赛
北部赛区,72,【北部赛区】第72场,1,1780303783461,蓝,大连理工大学,西安交通大学,0,420,5113.0,7333.0,1870,8,2.0,110.0,15.0,1.0,1.0,0.0,1.0,300.0,1.0,0.0,0.0,0.0,1585,0.4728520286396181,2875.0,662.0,1395.0,0.0,2387.0,2213.0,1878,272.25772097976574,全国赛
北部赛区,72,【北部赛区】第72场,2,1780304471118,蓝,大连理工大学,西安交通大学,0,420,4680.0,6890.0,1609,10,3.0,92.0,34.333333333333336,1.0,1.0,1.0,3.0,900.0,3.0,0.0,0.0,0.0,1516,0.4522673031026253,3350.0,778.0,1995.0,0.0,2794.0,2572.0,1619,289.0673255095738,全国赛
北部赛区,74,【北部赛区】第74场,1,1780307819614,蓝,西安电子科技大学,复旦大学,1,420,4599.0,3924.0,1505,3,2.0,161.0,41.0,1.0,1.0,0.0,0.0,0.0,0.0,0.0,2.0,3.0,687,0.20495226730310262,2275.0,185.0,5000.0,0.0,5705.0,2090.0,1508,304.973474801061,复活赛
北部赛区,74,【北部赛区】第74场,2,1780308686639,蓝,西安电子科技大学,复旦大学,0,420,3517.0,3852.0,958,10,2.0,231.0,20.0,1.0,1.0,0.0,0.0,0.0,0.0,0.0,0.0,0.0,579,0.1727326968973747,2150.0,1276.0,5000.0,0.0,5423.0,874.0,968,363.3264462809918,复活赛
北部赛区,74,【北部赛区】第74场,3,1780309411927,蓝,西安电子科技大学,复旦大学,0,420,4290.0,5477.0,1431,13,1.0,164.0,17.0,1.0,0.0,0.0,0.0,0.0,0.0,0.0,0.0,0.0,443,0.13215990453460622,2125.0,89.0,3070.0,0.0,3618.0,2036.0,1444,297.09141274238226,复活赛
北部赛区,75,【北部赛区】第75场,1,1780314767200,蓝,东北大学,同济大学,1,420,7702.0,6771.0,1643,11,5.0,115.0,27.555555555555554,1.0,1.0,3.0,3.0,900.0,3.0,0.0,1.0,2.0,0,0.0,3660.0,643.0,4925.0,0.0,6646.0,3017.0,1654,465.6590084643289,全国赛
北部赛区,75,【北部赛区】第75场,2,1780315632017,蓝,东北大学,同济大学,1,420,7997.0,6873.0,1578,20,3.0,87.0,18.0,1.0,1.0,1.0,3.0,900.0,3.0,0.0,1.0,2.0,1,0.0002983293556085919,3300.0,633.0,4925.0,0.0,5757.0,2667.0,1598,500.4380475594493,全国赛
北部赛区,76,【北部赛区】第76场,1,1780316478995,蓝,北京理工大学,西北工业大学,1,420,4202.0,5745.0,1030,40,3.0,105.0,34.666666666666664,1.0,1.0,1.0,0.0,0.0,0.0,0.0,1.0,0.0,873,0.2604415274463007,3400.0,238.0,4250.0,0.0,5030.0,3162.0,1070,392.7102803738318,全国赛
北部赛区,76,【北部赛区】第76场,2,1780317271996,蓝,北京理工大学,西北工业大学,0,420,3296.0,5444.0,246,40,3.0,105.0,30.666666666666668,1.0,1.0,1.0,0.0,0.0,0.0,0.0,2.0,0.0,1115,0.33263723150357993,3525.0,450.0,3965.0,0.0,4277.0,3075.0,286,1152.4475524475524,全国赛
北部赛区,76,【北部赛区】第76场,3,1780318116208,蓝,北京理工大学,西北工业大学,0,420,3346.0,4468.0,296,47,3.0,112.0,29.0,1.0,1.0,1.0,0.0,0.0,0.0,0.0,0.0,0.0,1417,0.4227326968973747,3625.0,1309.0,4745.0,0.0,5191.0,2316.0,343,975.5102040816328,全国赛
北部赛区,77,【北部赛区】第77场,1,1780319124977,蓝,西安交通大学,哈尔滨工业大学（威海）,0,420,1509.0,6949.0,208,12,3.0,90.0,19.333333333333332,1.0,1.0,1.0,0.0,0.0,0.0,0.0,0.0,0.0,0,0.0,3900.0,140.0,3625.0,0.0,4450.0,3760.0,220,685.909090909091,全国赛
北部赛区,77,【北部赛区】第77场,2,1780319988345,蓝,西安交通大学,哈尔滨工业大学（威海）,1,420,4155.0,5873.0,488,25,4.0,88.0,16.333333333333332,1.0,1.0,2.0,0.0,0.0,0.0,0.0,0.0,0.0,1908,0.6505284691442209,3700.0,70.0,5000.0,0.0,5842.0,3630.0,513,809.9415204678362,全国赛
北部赛区,77,【北部赛区】第77场,3,1780321375811,蓝,西安交通大学,哈尔滨工业大学（威海）,0,420,1960.0,7183.0,219,49,6.0,97.0,12.916666666666666,1.0,1.0,4.0,0.0,0.0,0.0,0.0,0.0,0.0,1598,0.4767303102625298,4125.0,388.0,3425.0,0.0,3670.0,3737.0,268,731.3432835820896,全国赛
北部赛区,78,【北部赛区】第78场,1,1780322243835,蓝,哈尔滨工业大学,复旦大学,1,420,5682.0,3206.0,2019,14,6.0,78.0,13.611111111111109,1.0,2.0,3.0,3.0,600.0,3.0,0.0,2.0,0.0,557,0.16616945107398567,4510.0,3272.0,5000.0,300.0,6617.0,1238.0,2033,279.4884407279882,全国赛
北部赛区,78,【北部赛区】第78场,2,1780323038454,蓝,哈尔滨工业大学,复旦大学,0,420,4023.0,8834.0,1226,10,0.0,0.0,0.0,0.0,0.0,0.0,2.0,400.0,2.0,0.0,2.0,0.0,391,0.11664677804295942,900.0,0.0,970.0,0.0,1694.0,900.0,1236,325.4854368932039,全国赛
北部赛区,78,【北部赛区】第78场,3,1780323852230,蓝,哈尔滨工业大学,复旦大学,1,420,7138.0,4789.0,1912,2,6.0,93.0,13.388888888888888,1.0,3.0,2.0,4.0,800.0,4.0,0.0,2.0,0.0,541,0.16139618138424822,4145.0,2008.0,4950.0,0.0,6199.0,2137.0,1914,372.9362591431557,全国赛
北部赛区,80,【北部赛区】第80场,1,1780363506641,蓝,长安大学,沈阳理工大学,1,420,3189.0,2842.0,1085,24,3.0,120.0,18.333333333333332,1.0,1.0,1.0,0.0,0.0,0.0,0.0,0.0,0.0,0,0.0,3150.0,1258.0,5000.0,0.0,6469.0,1892.0,1109,287.556357078449,全国赛
北部赛区,80,【北部赛区】第80场,2,1780364389895,蓝,长安大学,沈阳理工大学,0,420,2331.0,2912.0,337,22,0.0,0.0,0.0,0.0,0.0,0.0,0.0,0.0,0.0,0.0,0.0,0.0,0,0.0,800.0,0.0,5000.0,0.0,5975.0,800.0,359,649.3036211699164,全国赛
北部赛区,80,【北部赛区】第80场,3,1780365053659,蓝,长安大学,沈阳理工大学,1,420,3509.0,2561.0,1152,30,2.0,134.0,9.5,1.0,1.0,0.0,2.0,400.0,2.0,0.0,0.0,0.0,0,0.0,2625.0,1329.0,5000.0,0.0,6198.0,1296.0,1182,296.86971235194585,全国赛
北部赛区,81,【北部赛区】第81场,1,1780366183800,蓝,大连理工大学,应急管理大学,1,420,5131.0,4257.0,1288,4,4.0,83.0,21.666666666666668,1.0,1.0,2.0,2.0,600.0,2.0,0.0,0.0,0.0,17,0.005796113194681214,3635.0,391.0,5000.0,0.0,5986.0,3244.0,1292,397.1362229102167,全国赛
北部赛区,81,【北部赛区】第81场,2,1780367027765,蓝,大连理工大学,应急管理大学,1,420,5289.0,4090.0,1441,10,3.0,74.0,23.333333333333332,1.0,1.0,1.0,4.0,1200.0,4.0,0.0,0.0,0.0,0,0.0,3450.0,1407.0,4400.0,0.0,5426.0,2043.0,1451,364.5072363886975,全国赛
北部赛区,83,【北部赛区】第83场,1,1780369661499,蓝,哈尔滨工业大学（威海）,东北大学,0,420,4169.0,9537.0,970,3,3.0,78.0,33.333333333333336,1.0,1.0,1.0,1.0,625.0,1.0,0.0,0.0,0.0,1293,0.3857398568019093,3775.0,332.0,1325.0,0.0,1889.0,3443.0,973,428.4686536485098,全国赛
北部赛区,83,【北部赛区】第83场,2,1780370356133,蓝,哈尔滨工业大学（威海）,东北大学,0,420,6086.0,8828.0,1603,1,3.0,88.0,10.0,1.0,1.0,1.0,1.0,625.0,1.0,0.0,0.0,0.0,1190,0.35501193317422436,3900.0,150.0,1009.0,0.0,1881.0,3750.0,1604,379.426433915212,全国赛
北部赛区,84,【北部赛区】第84场,1,1780371297834,蓝,哈尔滨工业大学,西北工业大学,1,420,5253.0,5200.0,1471,26,4.0,94.0,15.166666666666666,1.0,1.0,2.0,0.0,0.0,0.0,0.0,1.0,0.0,911,0.2717780429594272,4030.0,342.0,5000.0,0.0,6023.0,3688.0,1497,350.9018036072144,全国赛
北部赛区,84,【北部赛区】第84场,2,1780372011146,蓝,哈尔滨工业大学,西北工业大学,0,420,3755.0,6641.0,509,21,3.0,114.0,17.333333333333332,1.0,1.0,1.0,1.0,200.0,1.0,0.0,1.0,0.0,727,0.2168854415274463,3650.0,289.0,4200.0,0.0,5104.0,3361.0,530,708.4905660377358,全国赛
北部赛区,84,【北部赛区】第84场,3,1780372678919,蓝,哈尔滨工业大学,西北工业大学,1,420,3906.0,5035.0,967,33,4.0,74.0,10.666666666666666,1.0,2.0,1.0,1.0,200.0,1.0,0.0,0.0,0.0,1162,0.3466587112171838,4125.0,570.0,5000.0,0.0,5643.0,3555.0,1000,390.6,全国赛
北部赛区,85,【北部赛区】第85场,1,1780376612085,蓝,大连理工大学,山东理工大学,1,420,4733.0,3446.0,1748,20,4.0,95.0,21.166666666666668,1.0,1.0,2.0,1.0,300.0,1.0,0.0,0.0,0.0,0,0.0,3660.0,1982.0,4950.0,0.0,5648.0,1678.0,1768,267.70361990950227,全国赛
北部赛区,85,【北部赛区】第85场,2,1780377276498,蓝,大连理工大学,山东理工大学,1,420,4590.0,3249.0,1707,12,3.0,96.0,38.0,1.0,1.0,1.0,1.0,300.0,1.0,0.0,0.0,0.0,0,0.0,3300.0,1357.0,5000.0,0.0,6048.0,1943.0,1719,267.0157068062827,全国赛
北部赛区,86,【北部赛区】第86场,1,1780378110009,蓝,西安电子科技大学,长安大学,0,420,4385.0,4193.0,1194,4,1.0,177.0,21.0,1.0,0.0,0.0,0.0,0.0,0.0,0.0,2.0,3.0,0,0.0,2075.0,517.0,5000.0,0.0,5810.0,1558.0,1198,366.02671118530884,复活赛
北部赛区,86,【北部赛区】第86场,2,1780378922211,蓝,西安电子科技大学,长安大学,0,420,4376.0,3647.0,1030,18,1.0,164.0,17.0,1.0,0.0,0.0,1.0,530.0,0.0,1.0,2.0,1.0,117,0.034904534606205254,2125.0,444.0,4745.0,0.0,5914.0,1681.0,1048,417.55725190839695,复活赛
北部赛区,89,【北部赛区】第89场,1,1780384424933,蓝,西北工业大学,哈尔滨工业大学（威海）,0,420,6401.0,6083.0,1819,10,0.0,0.0,0.0,0.0,0.0,0.0,1.0,200.0,1.0,0.0,0.0,0.0,1657,0.49433174224343673,875.0,145.0,3310.0,0.0,4174.0,730.0,1829,349.97266265718974,全国赛
北部赛区,89,【北部赛区】第89场,2,1780385130507,蓝,西北工业大学,哈尔滨工业大学（威海）,0,420,3648.0,6854.0,1125,8,0.0,0.0,0.0,0.0,0.0,0.0,0.0,0.0,0.0,0.0,0.0,0.0,1929,0.5754773269689738,875.0,154.0,3080.0,0.0,3910.0,721.0,1133,321.97705207413946,全国赛
北部赛区,89,【北部赛区】第89场,3,1780386397433,蓝,西北工业大学,哈尔滨工业大学（威海）,0,420,3770.0,9372.0,1250,19,2.0,130.0,17.0,1.0,1.0,0.0,0.0,0.0,0.0,0.0,0.0,0.0,1551,0.46270883054892603,2925.0,145.0,870.0,0.0,1047.0,2780.0,1269,297.0843183609141,全国赛
北部赛区,90,【北部赛区】第90场,1,1780389108168,蓝,哈尔滨工业大学,东北大学,1,420,6622.0,5700.0,2023,11,3.0,86.0,17.666666666666668,1.0,1.0,1.0,3.0,700.0,3.0,0.0,1.0,0.0,1221,0.3642601431980907,3950.0,2022.0,5000.0,0.0,5661.0,1928.0,2034,325.5653883972468,全国赛
北部赛区,90,【北部赛区】第90场,2,1780389810101,蓝,哈尔滨工业大学,东北大学,0,420,4835.0,5873.0,1315,11,4.0,80.0,13.166666666666666,1.0,2.0,1.0,0.0,0.0,0.0,0.0,1.0,0.0,1103,0.32905727923627687,4130.0,2153.0,5000.0,0.0,5885.0,1977.0,1326,364.63046757164403,全国赛
北部赛区,90,【北部赛区】第90场,3,1780391063510,蓝,哈尔滨工业大学,东北大学,0,359,4369.0,10272.0,1158,13,3.0,97.0,15.666666666666666,1.0,1.0,1.0,4.0,1200.0,4.0,0.0,1.0,0.0,1188,0.4136490250696379,2425.0,1067.0,5.0,0.0,241.0,1358.0,1171,373.0999146029035,全国赛
北部赛区,90,【北部赛区】第90场,4,1780391866389,蓝,哈尔滨工业大学,东北大学,0,420,4047.0,11527.0,794,15,3.0,71.0,21.0,1.0,1.0,1.0,0.0,0.0,0.0,0.0,1.0,0.0,1235,0.42121418826739426,3875.0,195.0,1068.0,0.0,1881.0,3680.0,809,500.2472187886279,全国赛
南部赛区,3,【南部赛区】第3场,1,1778637960624,蓝,华南理工大学,仲恺农业工程学院,1,420,2659.0,3668.0,527,36,3.0,119.0,45.666666666666664,1.0,1.0,1.0,0.0,0.0,0.0,0.0,1.0,0.0,687,0.20495226730310262,3300.0,1510.0,5000.0,740.0,6927.0,1790.0,563,472.29129662522206,全国赛
南部赛区,3,【南部赛区】第3场,2,1778638792994,蓝,华南理工大学,仲恺农业工程学院,0,420,3617.0,5365.0,1013,20,0.0,0.0,0.0,0.0,0.0,0.0,0.0,0.0,0.0,0.0,0.0,0.0,697,0.20793556085918855,875.0,110.0,4985.0,0.0,5734.0,765.0,1033,350.1452081316554,全国赛
南部赛区,3,【南部赛区】第3场,3,1778639477645,蓝,华南理工大学,仲恺农业工程学院,0,420,3838.0,5316.0,684,22,1.0,231.0,13.0,1.0,0.0,0.0,0.0,0.0,0.0,0.0,1.0,0.0,645,0.19242243436754178,1775.0,372.0,4990.0,0.0,5130.0,1403.0,706,543.6260623229462,全国赛
南部赛区,10,【南部赛区】第10场,1,1778654862728,蓝,华中科技大学,东莞理工学院,0,420,2788.0,6753.0,1148,15,1.0,173.0,58.0,1.0,0.0,0.0,0.0,0.0,0.0,0.0,0.0,0.0,0,0.0,2075.0,439.0,2890.0,0.0,3240.0,1636.0,1163,239.72484952708513,复活赛
南部赛区,10,【南部赛区】第10场,2,1778655677956,蓝,华中科技大学,东莞理工学院,0,420,3051.0,4719.0,639,13,3.0,88.0,21.5,1.0,2.0,0.0,0.0,0.0,0.0,0.0,0.0,0.0,719,0.21449880668257756,3350.0,54.0,4960.0,0.0,5339.0,3296.0,652,467.9447852760736,复活赛
南部赛区,11,【南部赛区】第11场,1,1778656835227,蓝,深圳技术大学,五邑大学,0,420,3179.0,7704.0,1051,1,1.0,121.0,28.0,1.0,0.0,0.0,0.0,0.0,0.0,0.0,0.0,0.0,287,0.08562052505966587,2325.0,965.0,2075.0,0.0,2709.0,1360.0,1052,302.1863117870722,复活赛
南部赛区,11,【南部赛区】第11场,2,1778657588607,蓝,深圳技术大学,五邑大学,0,289,1798.0,8898.0,869,0,0.0,0.0,0.0,0.0,0.0,0.0,0.0,0.0,0.0,0.0,0.0,0.0,0,0.0,675.0,106.0,120.0,0.0,573.0,569.0,869,206.90448791714613,复活赛
南部赛区,19,【南部赛区】第19场,1,1778677945404,蓝,桂林电子科技大学,厦门大学嘉庚学院,0,420,4882.0,6000.0,765,27,1.0,116.0,55.0,1.0,0.0,0.0,0.0,0.0,0.0,0.0,0.0,0.0,0,0.0,2375.0,405.0,4140.0,0.0,5280.0,1970.0,792,616.4141414141415,复活赛
南部赛区,19,【南部赛区】第19场,2,1778678763428,蓝,桂林电子科技大学,厦门大学嘉庚学院,1,420,5133.0,4008.0,815,20,0.0,0.0,0.0,0.0,0.0,0.0,0.0,0.0,0.0,0.0,0.0,0.0,0,0.0,875.0,85.0,5000.0,0.0,6197.0,790.0,835,614.7305389221557,复活赛
南部赛区,19,【南部赛区】第19场,3,1778679549836,蓝,桂林电子科技大学,厦门大学嘉庚学院,0,420,2530.0,3542.0,732,24,0.0,0.0,0.0,0.0,0.0,0.0,0.0,0.0,0.0,0.0,0.0,0.0,0,0.0,875.0,95.0,5000.0,0.0,6377.0,780.0,756,334.65608465608466,复活赛
南部赛区,27,【南部赛区】第27场,1,1778735137175,蓝,广州城市理工学院,广东工业大学,0,420,5956.0,4639.0,1068,45,2.0,82.0,12.0,1.0,1.0,0.0,2.0,400.0,2.0,0.0,1.0,0.0,853,0.2544749403341289,3300.0,616.0,3540.0,0.0,4702.0,2684.0,1113,535.1302785265049,全国赛
南部赛区,27,【南部赛区】第27场,2,1778735937597,蓝,广州城市理工学院,广东工业大学,1,420,6453.0,3548.0,1018,49,2.0,85.0,17.0,1.0,1.0,0.0,3.0,600.0,3.0,0.0,1.0,0.0,1202,0.3585918854415274,3125.0,494.0,4600.0,0.0,5472.0,2631.0,1067,604.7797563261481,全国赛
南部赛区,27,【南部赛区】第27场,3,1778736603265,蓝,广州城市理工学院,广东工业大学,1,420,7280.0,4464.0,914,51,1.0,223.0,63.0,1.0,0.0,0.0,3.0,600.0,3.0,0.0,1.0,0.0,716,0.21360381861575178,1850.0,532.0,4300.0,0.0,5033.0,1318.0,965,754.4041450777203,全国赛
南部赛区,28,【南部赛区】第28场,1,1778737453393,蓝,南华大学,深圳大学,1,420,5226.0,5537.0,1746,26,5.0,95.0,24.555555555555554,1.0,3.0,1.0,0.0,0.0,0.0,0.0,0.0,0.0,1281,0.3821599045346062,3865.0,271.0,5000.0,0.0,6558.0,3594.0,1772,294.920993227991,复活赛
南部赛区,28,【南部赛区】第28场,2,1778738115897,蓝,南华大学,深圳大学,0,420,2781.0,4712.0,1494,16,0.0,0.0,0.0,0.0,0.0,0.0,0.0,0.0,0.0,0.0,0.0,0.0,1426,0.425417661097852,800.0,0.0,5000.0,0.0,6196.0,800.0,1510,184.1721854304636,复活赛
南部赛区,28,【南部赛区】第28场,3,1778738816658,蓝,南华大学,深圳大学,0,420,2241.0,5229.0,971,26,0.0,0.0,0.0,0.0,0.0,0.0,0.0,0.0,0.0,0.0,0.0,0.0,1500,0.44749403341288785,800.0,30.0,3750.0,0.0,4980.0,770.0,997,224.77432296890672,复活赛
南部赛区,33,【南部赛区】第33场,1,1778748020174,蓝,厦门大学嘉庚学院,仲恺农业工程学院,0,420,3053.0,5821.0,762,4,0.0,0.0,0.0,0.0,0.0,0.0,0.0,0.0,0.0,0.0,0.0,0.0,0,0.0,875.0,125.0,4995.0,0.0,5890.0,750.0,766,398.5639686684073,复活赛
南部赛区,33,【南部赛区】第33场,2,1778748736302,蓝,厦门大学嘉庚学院,仲恺农业工程学院,0,420,3488.0,6875.0,573,2,2.0,89.0,24.5,1.0,1.0,0.0,0.0,0.0,0.0,0.0,0.0,0.0,0,0.0,3175.0,335.0,4945.0,0.0,5520.0,2840.0,575,606.608695652174,复活赛
南部赛区,34,【南部赛区】第34场,1,1778749713778,蓝,电子科技大学中山学院,上海交通大学,0,420,3087.0,4015.0,1068,15,2.0,106.0,12.0,1.0,1.0,0.0,0.0,0.0,0.0,0.0,0.0,0.0,0,0.0,2725.0,1614.0,4860.0,0.0,5747.0,1111.0,1083,285.0415512465374,全国赛
南部赛区,34,【南部赛区】第34场,2,1778750536413,蓝,电子科技大学中山学院,上海交通大学,0,420,3356.0,8171.0,902,22,3.0,105.0,38.666666666666664,1.0,1.0,1.0,0.0,0.0,0.0,0.0,0.0,0.0,0,0.0,3350.0,1269.0,1295.0,0.0,1965.0,2081.0,924,363.20346320346323,全国赛
南部赛区,36,【南部赛区】第36场,1,1778753436230,蓝,桂林电子科技大学,华南理工大学,0,420,3722.0,4523.0,1363,16,2.0,158.0,27.0,1.0,1.0,0.0,0.0,0.0,0.0,0.0,1.0,1.0,814,0.24284009546539378,2525.0,64.0,4990.0,0.0,5515.0,2461.0,1379,269.9057287889775,复活赛
南部赛区,36,【南部赛区】第36场,2,1778754153680,蓝,桂林电子科技大学,华南理工大学,1,420,5482.0,3275.0,1207,19,1.0,102.0,17.0,1.0,0.0,0.0,2.0,400.0,2.0,0.0,2.0,0.0,780,0.23269689737470167,2425.0,738.0,5000.0,0.0,6410.0,1687.0,1226,447.1451876019576,复活赛
南部赛区,36,【南部赛区】第36场,3,1778754834040,蓝,桂林电子科技大学,华南理工大学,1,420,4066.0,2293.0,981,16,2.0,126.0,83.0,1.0,1.0,0.0,2.0,400.0,2.0,0.0,1.0,0.0,931,0.27774463007159905,2475.0,1361.0,4800.0,0.0,5927.0,1114.0,997,407.82347041123364,复活赛
南部赛区,41,【南部赛区】第41场,1,1778805231802,蓝,东莞理工学院,深圳大学,0,420,5508.0,7459.0,1201,23,1.0,192.0,20.0,1.0,0.0,0.0,0.0,0.0,0.0,0.0,1.0,0.0,1422,0.42422434367541767,1975.0,617.0,2030.0,0.0,2649.0,1358.0,1224,450.0,全国赛
南部赛区,41,【南部赛区】第41场,2,1778805933581,蓝,东莞理工学院,深圳大学,0,420,6454.0,5856.0,1370,23,1.0,85.0,20.0,1.0,0.0,0.0,0.0,0.0,0.0,0.0,1.0,0.0,1495,0.44600238663484487,2525.0,582.0,2655.0,0.0,3878.0,1943.0,1393,463.3165829145729,全国赛
南部赛区,42,【南部赛区】第42场,1,1778808224653,蓝,五邑大学,广州城市理工学院,1,420,7470.0,4142.0,731,23,3.0,95.0,18.0,1.0,1.0,1.0,0.0,0.0,0.0,0.0,0.0,2.0,518,0.15453460620525059,3800.0,1575.0,4500.0,0.0,5990.0,2225.0,754,990.7161803713528,全国赛
南部赛区,42,【南部赛区】第42场,2,1778809035146,蓝,五邑大学,广州城市理工学院,1,420,8005.0,5371.0,1493,38,3.0,99.0,20.0,1.0,1.0,1.0,0.0,0.0,0.0,0.0,1.0,0.0,0,0.0,3750.0,99.0,4375.0,0.0,5255.0,3651.0,1531,522.8608752449379,全国赛
南部赛区,50,【南部赛区】第50场,1,1778829037274,蓝,电子科技大学中山学院,桂林电子科技大学,1,420,4444.0,4760.0,998,15,3.0,95.0,22.666666666666668,1.0,1.0,1.0,3.0,600.0,3.0,0.0,0.0,0.0,0,0.0,3550.0,1293.0,4996.0,0.0,5786.0,2257.0,1013,438.69693978282334,全国赛
南部赛区,50,【南部赛区】第50场,2,1778829758019,蓝,电子科技大学中山学院,桂林电子科技大学,1,420,4653.0,3013.0,817,25,0.0,0.0,0.0,0.0,0.0,0.0,3.0,600.0,3.0,0.0,0.0,0.0,0,0.0,875.0,0.0,4995.0,0.0,6507.0,875.0,842,552.6128266033254,全国赛
南部赛区,51,【南部赛区】第51场,1,1778830648762,蓝,武汉工程大学,华南农业大学,0,420,3655.0,3388.0,934,0,6.0,59.0,8.4,1.0,5.0,0.0,0.0,0.0,0.0,0.0,0.0,0.0,246,0.0733890214797136,4025.0,2485.0,5000.0,0.0,6032.0,1540.0,934,391.3276231263383,全国赛
南部赛区,51,【南部赛区】第51场,2,1778831543771,蓝,武汉工程大学,华南农业大学,1,420,4297.0,2585.0,861,31,5.0,64.0,9.0,1.0,4.0,0.0,0.0,0.0,0.0,0.0,0.0,0.0,33,0.01125127855438118,3940.0,2380.0,4780.0,0.0,6086.0,1560.0,892,481.72645739910314,全国赛
南部赛区,51,【南部赛区】第51场,3,1778832340006,蓝,武汉工程大学,华南农业大学,0,420,4973.0,4239.0,1113,25,2.0,64.0,3.5,1.0,1.0,0.0,0.0,0.0,0.0,0.0,0.0,0.0,1,0.00034094783498124785,3375.0,1455.0,4345.0,0.0,5396.0,1920.0,1138,436.9947275922671,全国赛
南部赛区,55,【南部赛区】第55场,1,1778839108887,蓝,东莞理工学院,广州城市理工学院,0,420,4199.0,5308.0,1154,26,4.0,49.0,17.166666666666668,1.0,1.0,2.0,2.0,600.0,2.0,0.0,2.0,0.0,686,0.20465393794749404,3945.0,1262.0,3563.0,0.0,5020.0,2683.0,1180,355.8474576271186,全国赛
南部赛区,55,【南部赛区】第55场,2,1778839915616,蓝,东莞理工学院,广州城市理工学院,1,420,6279.0,3874.0,1327,58,2.0,53.0,8.0,1.0,1.0,0.0,0.0,0.0,0.0,0.0,2.0,3.0,764,0.22792362768496421,3300.0,224.0,4395.0,0.0,5497.0,3076.0,1385,453.3574007220216,全国赛
南部赛区,55,【南部赛区】第55场,3,1778840608164,蓝,东莞理工学院,广州城市理工学院,0,420,3659.0,4584.0,1176,37,4.0,51.0,18.0,1.0,1.0,2.0,0.0,0.0,0.0,0.0,2.0,2.0,756,0.22553699284009546,3805.0,357.0,4325.0,0.0,5340.0,3448.0,1213,301.6488046166529,全国赛
南部赛区,56,【南部赛区】第56场,1,1778841533345,蓝,深圳技术大学,南华大学,1,420,3845.0,3744.0,1221,14,1.0,101.0,37.0,1.0,0.0,0.0,1.0,200.0,1.0,0.0,0.0,0.0,0,0.0,2425.0,123.0,5000.0,0.0,5881.0,2302.0,1235,311.33603238866397,复活赛
南部赛区,56,【南部赛区】第56场,2,1778842202821,蓝,深圳技术大学,南华大学,1,420,4376.0,3897.0,1173,10,1.0,104.0,30.0,1.0,0.0,0.0,2.0,400.0,2.0,0.0,0.0,0.0,0,0.0,2425.0,281.0,5000.0,0.0,5997.0,2144.0,1183,369.90701606086225,复活赛
南部赛区,57,【南部赛区】第57场,1,1778846129421,蓝,广东工业大学,华中科技大学,0,420,3712.0,3837.0,766,12,3.0,174.0,25.0,1.0,2.0,0.0,1.0,200.0,1.0,0.0,1.0,0.0,455,0.1357398568019093,2705.0,1156.0,4600.0,0.0,5751.0,1549.0,778,477.120822622108,复活赛
南部赛区,57,【南部赛区】第57场,2,1778846849770,蓝,广东工业大学,华中科技大学,1,420,2990.0,3029.0,873,34,3.0,141.0,17.0,1.0,2.0,0.0,0.0,0.0,0.0,0.0,0.0,0.0,643,0.19182577565632458,2990.0,1783.0,4995.0,0.0,6145.0,1207.0,907,329.6582138919515,复活赛
南部赛区,57,【南部赛区】第57场,3,1778847533513,蓝,广东工业大学,华中科技大学,0,420,3210.0,3000.0,792,9,0.0,0.0,0.0,0.0,0.0,0.0,0.0,0.0,0.0,0.0,1.0,0.0,387,0.11545346062052506,875.0,234.0,4600.0,0.0,5011.0,641.0,801,400.74906367041194,复活赛
南部赛区,67,【南部赛区】第67场,1,1778911982278,蓝,武汉工程大学,五邑大学,0,420,3728.0,8895.0,863,11,4.0,58.0,11.0,1.0,2.0,1.0,0.0,0.0,0.0,0.0,0.0,0.0,70,0.020883054892601432,4200.0,749.0,2519.0,0.0,3354.0,3451.0,874,426.54462242562926,全国赛
南部赛区,67,【南部赛区】第67场,2,1778912693151,蓝,武汉工程大学,五邑大学,0,420,4859.0,8705.0,1212,29,3.0,53.0,7.5,1.0,2.0,0.0,0.0,0.0,0.0,0.0,0.0,0.0,138,0.04116945107398568,3685.0,29.0,1845.0,0.0,2753.0,3656.0,1241,391.53908138597905,全国赛
南部赛区,68,【南部赛区】第68场,1,1778913533396,蓝,电子科技大学中山学院,华中科技大学,0,420,3505.0,3493.0,1232,37,3.0,112.0,26.666666666666668,1.0,1.0,1.0,0.0,0.0,0.0,0.0,0.0,0.0,332,0.09904534606205251,3550.0,2127.0,4400.0,0.0,5178.0,1423.0,1269,276.20173364854213,全国赛
南部赛区,68,【南部赛区】第68场,2,1778914365365,蓝,电子科技大学中山学院,华中科技大学,1,420,3020.0,3367.0,873,25,0.0,0.0,0.0,0.0,0.0,0.0,1.0,200.0,1.0,0.0,0.0,0.0,425,0.12678997613365156,875.0,13.0,4800.0,0.0,5567.0,862.0,898,336.3028953229399,全国赛
南部赛区,68,【南部赛区】第68场,3,1778915208150,蓝,电子科技大学中山学院,华中科技大学,1,420,4111.0,3416.0,1210,38,3.0,113.0,21.0,1.0,1.0,1.0,3.0,600.0,3.0,0.0,0.0,0.0,508,0.1515513126491647,3600.0,564.0,4796.0,0.0,5772.0,3036.0,1248,329.40705128205127,全国赛
南部赛区,69,【南部赛区】第69场,1,1778921917593,蓝,深圳大学,华南理工大学,0,420,4275.0,7488.0,1172,0,3.0,102.0,15.666666666666666,1.0,1.0,1.0,0.0,0.0,0.0,0.0,0.0,1.0,14,0.004176610978520286,3725.0,265.0,4796.0,0.0,4936.0,3460.0,1172,364.7610921501706,全国赛
南部赛区,69,【南部赛区】第69场,2,1778917962630,蓝,深圳大学,华南理工大学,0,420,2591.0,6359.0,652,0,2.0,83.0,17.5,1.0,1.0,0.0,0.0,0.0,0.0,0.0,0.0,0.0,15,0.004474940334128878,3250.0,700.0,4557.0,0.0,4727.0,2550.0,652,397.3926380368098,全国赛
南部赛区,70,【南部赛区】第70场,1,1778918846508,蓝,东莞理工学院,厦门大学嘉庚学院,1,420,4663.0,3953.0,1494,0,4.0,58.0,12.0,1.0,1.0,2.0,0.0,0.0,0.0,0.0,2.0,1.0,882,0.26312649164677804,3930.0,655.0,5000.0,0.0,6480.0,3275.0,1494,312.1151271753682,全国赛
南部赛区,70,【南部赛区】第70场,2,1778919717387,蓝,东莞理工学院,厦门大学嘉庚学院,1,420,7357.0,4455.0,1373,28,3.0,65.0,9.333333333333334,1.0,1.0,1.0,1.0,300.0,1.0,0.0,2.0,1.0,531,0.1584128878281623,3675.0,614.0,4586.0,0.0,5529.0,3061.0,1401,525.1249107780156,全国赛
南部赛区,71,【南部赛区】第71场,1,1778922947439,蓝,广州城市理工学院,桂林电子科技大学,1,420,4782.0,3566.0,865,56,2.0,86.0,30.5,1.0,1.0,0.0,1.0,200.0,1.0,0.0,1.0,0.0,0,0.0,2725.0,575.0,4800.0,0.0,6127.0,2150.0,921,519.2182410423452,全国赛
南部赛区,71,【南部赛区】第71场,2,1778923796498,蓝,广州城市理工学院,桂林电子科技大学,1,420,5391.0,3798.0,630,57,1.0,147.0,24.0,1.0,0.0,0.0,1.0,200.0,1.0,0.0,2.0,0.0,0,0.0,2250.0,177.0,4590.0,0.0,5536.0,2073.0,687,784.7161572052402,全国赛
南部赛区,72,【南部赛区】第72场,1,1778924684549,蓝,广东工业大学,上海交通大学,0,420,4537.0,4253.0,1371,15,3.0,137.0,27.666666666666668,1.0,1.0,1.0,3.0,600.0,3.0,0.0,0.0,0.0,224,0.06682577565632458,3225.0,1654.0,4249.0,0.0,5031.0,1571.0,1386,327.3448773448774,复活赛
南部赛区,72,【南部赛区】第72场,2,1778925424226,蓝,广东工业大学,上海交通大学,1,420,5367.0,3817.0,1871,11,2.0,130.0,16.5,1.0,1.0,0.0,3.0,600.0,3.0,0.0,0.0,0.0,3,0.0008949880668257757,2875.0,716.0,5000.0,0.0,6088.0,2159.0,1882,285.1753453772582,复活赛
南部赛区,72,【南部赛区】第72场,3,1778926448743,蓝,广东工业大学,上海交通大学,0,420,5615.0,2777.0,1582,15,2.0,80.0,13.5,1.0,1.0,0.0,0.0,0.0,0.0,0.0,0.0,0.0,0,0.0,3250.0,2038.0,4600.0,0.0,5980.0,1212.0,1597,351.5967438948027,复活赛
南部赛区,73,【南部赛区】第73场,1,1778927367055,蓝,华南农业大学,深圳技术大学,1,420,4095.0,4231.0,1207,41,4.0,125.0,16.5,1.0,1.0,2.0,0.0,0.0,0.0,0.0,1.0,0.0,406,0.13842482100238662,3725.0,480.0,4775.0,0.0,5505.0,3245.0,1248,328.125,全国赛
南部赛区,73,【南部赛区】第73场,2,1778928033009,蓝,华南农业大学,深圳技术大学,0,420,3872.0,4801.0,1182,1,3.0,97.0,14.0,1.0,1.0,1.0,0.0,0.0,0.0,0.0,0.0,0.0,592,0.20184111830889873,3825.0,403.0,4700.0,0.0,5256.0,3422.0,1183,327.30346576500426,全国赛
南部赛区,73,【南部赛区】第73场,3,1778928844469,蓝,华南农业大学,深圳技术大学,1,420,6262.0,3418.0,1194,44,4.0,98.0,14.666666666666666,1.0,1.0,2.0,1.0,200.0,1.0,0.0,1.0,0.0,693,0.23627684964200477,4125.0,2505.0,4986.0,0.0,5547.0,1620.0,1238,505.8158319870759,全国赛
南部赛区,74,【南部赛区】第74场,1,1778929767993,蓝,仲恺农业工程学院,南华大学,1,420,8014.0,4791.0,1008,6,3.0,86.0,32.333333333333336,1.0,1.0,1.0,0.0,0.0,0.0,0.0,0.0,0.0,447,0.13335322195704058,3700.0,1063.0,4700.0,0.0,5588.0,2637.0,1014,790.335305719921,全国赛
南部赛区,74,【南部赛区】第74场,2,1778930460784,蓝,仲恺农业工程学院,南华大学,0,420,6167.0,5687.0,992,6,3.0,84.0,22.666666666666668,1.0,1.0,1.0,0.0,0.0,0.0,0.0,0.0,0.0,472,0.14081145584725538,3875.0,236.0,4996.0,0.0,5606.0,3639.0,998,617.9358717434869,全国赛
南部赛区,74,【南部赛区】第74场,3,1778931313293,蓝,仲恺农业工程学院,南华大学,1,420,2656.0,3382.0,854,0,4.0,87.0,20.0,1.0,1.0,2.0,0.0,0.0,0.0,0.0,0.0,0.0,674,0.22979884077736107,3650.0,1334.0,4990.0,0.0,5860.0,2316.0,854,311.0070257611241,全国赛
南部赛区,75,【南部赛区】第75场,1,1778934392734,蓝,电子科技大学中山学院,五邑大学,0,420,3606.0,4317.0,1238,21,3.0,102.0,19.666666666666668,1.0,1.0,1.0,2.0,400.0,2.0,0.0,1.0,0.0,499,0.14886634844868735,3675.0,563.0,4550.0,0.0,5407.0,3112.0,1259,286.41779189833204,全国赛
南部赛区,75,【南部赛区】第75场,2,1778935110465,蓝,电子科技大学中山学院,五邑大学,0,420,3013.0,4653.0,696,18,0.0,0.0,0.0,0.0,0.0,0.0,2.0,400.0,2.0,0.0,0.0,0.0,295,0.0880071599045346,875.0,123.0,4400.0,0.0,4914.0,752.0,714,421.98879551820727,全国赛
南部赛区,76,【南部赛区】第76场,1,1778936758019,蓝,华南理工大学,东莞理工学院,0,420,4156.0,5423.0,1294,1,0.0,0.0,0.0,0.0,0.0,0.0,1.0,200.0,1.0,0.0,1.0,0.0,580,0.1730310262529833,875.0,207.0,3900.0,0.0,4615.0,668.0,1295,320.9266409266409,全国赛
南部赛区,76,【南部赛区】第76场,2,1778937468211,蓝,华南理工大学,东莞理工学院,1,420,7256.0,5397.0,1853,11,2.0,98.0,19.0,1.0,1.0,0.0,0.0,0.0,0.0,0.0,1.0,0.0,836,0.2494033412887828,3100.0,648.0,4500.0,0.0,5351.0,2452.0,1864,389.2703862660944,全国赛
南部赛区,76,【南部赛区】第76场,3,1778938334290,蓝,华南理工大学,东莞理工学院,0,420,3912.0,4880.0,1407,11,1.0,88.0,26.0,1.0,0.0,0.0,1.0,200.0,1.0,0.0,1.0,0.0,678,0.2022673031026253,2525.0,50.0,4400.0,0.0,5302.0,2475.0,1418,275.8815232722144,全国赛
南部赛区,77,【南部赛区】第77场,1,1778939363902,蓝,上海交通大学,广州城市理工学院,0,420,2920.0,6670.0,1101,5,3.0,58.0,33.333333333333336,1.0,1.0,1.0,0.0,0.0,0.0,0.0,2.0,1.0,607,0.18108591885441527,3475.0,1379.0,3100.0,0.0,4027.0,2096.0,1106,264.0144665461121,全国赛
南部赛区,77,【南部赛区】第77场,2,1778940280525,蓝,上海交通大学,广州城市理工学院,0,420,2797.0,5215.0,206,26,3.0,59.0,24.333333333333332,1.0,1.0,1.0,0.0,0.0,0.0,0.0,2.0,1.0,2,0.0005966587112171838,3200.0,530.0,4600.0,0.0,5471.0,2670.0,232,1205.603448275862,全国赛
南部赛区,78,【南部赛区】第78场,1,1778941189725,蓝,华南农业大学,仲恺农业工程学院,1,420,4800.0,5673.0,1289,14,4.0,155.0,15.333333333333334,1.0,1.0,2.0,1.0,200.0,1.0,0.0,0.0,0.0,557,0.16616945107398567,3470.0,442.0,5000.0,0.0,5610.0,3028.0,1303,368.3806600153492,全国赛
南部赛区,78,【南部赛区】第78场,2,1778941859406,蓝,华南农业大学,仲恺农业工程学院,1,420,6235.0,5392.0,1409,15,0.0,0.0,0.0,0.0,0.0,0.0,3.0,600.0,3.0,0.0,0.0,0.0,449,0.13394988066825775,900.0,167.0,4940.0,0.0,5687.0,733.0,1424,437.8511235955056,全国赛
南部赛区,79,【南部赛区】第79场,1,1778977985352,蓝,华中科技大学,武汉工程大学,0,420,4712.0,7186.0,1586,15,3.0,85.0,72.0,1.0,1.0,1.0,2.0,400.0,2.0,0.0,0.0,0.0,542,0.1616945107398568,3325.0,1180.0,3415.0,0.0,4741.0,2145.0,1601,294.31605246720795,复活赛
南部赛区,79,【南部赛区】第79场,2,1778978885595,蓝,华中科技大学,武汉工程大学,0,420,3747.0,4335.0,1096,14,3.0,102.0,26.0,1.0,1.0,1.0,2.0,400.0,2.0,0.0,0.0,0.0,284,0.08472553699284009,3450.0,248.0,3831.0,0.0,4678.0,3202.0,1110,337.56756756756755,复活赛
南部赛区,80,【南部赛区】第80场,1,1778980152852,蓝,深圳大学,厦门大学嘉庚学院,1,420,7324.0,6319.0,1563,11,2.0,130.0,16.5,1.0,1.0,0.0,0.0,0.0,0.0,0.0,1.0,0.0,0,0.0,2900.0,515.0,3940.0,0.0,4856.0,2385.0,1574,465.3113087674714,全国赛
南部赛区,80,【南部赛区】第80场,2,1778980984573,蓝,深圳大学,厦门大学嘉庚学院,1,420,6903.0,4519.0,848,22,3.0,127.0,25.0,1.0,1.0,1.0,1.0,625.0,1.0,0.0,1.0,2.0,1,0.0002983293556085919,3375.0,453.0,4996.0,0.0,6501.0,2922.0,870,793.448275862069,全国赛
南部赛区,81,【南部赛区】第81场,1,1778981869637,蓝,广东工业大学,桂林电子科技大学,1,420,4182.0,5012.0,1166,23,3.0,146.0,15.75,1.0,2.0,0.0,2.0,400.0,2.0,0.0,1.0,0.0,0,0.0,2970.0,735.0,4600.0,0.0,5768.0,2235.0,1189,351.7241379310345,复活赛
南部赛区,81,【南部赛区】第81场,2,1778983368909,蓝,广东工业大学,桂林电子科技大学,1,420,5755.0,1857.0,1036,55,3.0,91.0,20.666666666666668,1.0,1.0,1.0,2.0,400.0,2.0,0.0,2.0,0.0,0,0.0,3625.0,2247.0,5000.0,210.0,6400.0,1378.0,1091,527.4977085242896,复活赛
南部赛区,82,【南部赛区】第82场,1,1778984250676,蓝,深圳技术大学,南华大学,0,420,3580.0,6486.0,1373,8,0.0,0.0,0.0,0.0,0.0,0.0,0.0,0.0,0.0,0.0,0.0,0.0,384,0.11455847255369929,875.0,61.0,3200.0,0.0,3600.0,814.0,1381,259.2324402606807,复活赛
南部赛区,82,【南部赛区】第82场,2,1778985437848,蓝,深圳技术大学,南华大学,1,420,4669.0,3598.0,1263,7,1.0,90.0,20.0,1.0,0.0,0.0,1.0,300.0,1.0,0.0,0.0,0.0,0,0.0,2475.0,112.0,4800.0,0.0,6170.0,2363.0,1270,367.6377952755906,复活赛
南部赛区,82,【南部赛区】第82场,3,1778986541297,蓝,深圳技术大学,南华大学,0,420,1265.0,3422.0,540,0,2.0,157.0,43.0,2.0,0.0,0.0,0.0,0.0,0.0,0.0,0.0,0.0,0,0.0,2225.0,307.0,4980.0,0.0,5448.0,1918.0,540,234.25925925925927,复活赛
南部赛区,83,【南部赛区】第83场,1,1778987430277,蓝,广州城市理工学院,五邑大学,0,420,4386.0,5043.0,1257,14,2.0,75.0,36.5,1.0,1.0,0.0,2.0,400.0,2.0,0.0,1.0,0.0,1534,0.45763723150357993,3150.0,837.0,3641.0,0.0,4623.0,2313.0,1271,345.0826121164437,全国赛
南部赛区,83,【南部赛区】第83场,2,1778988282190,蓝,广州城市理工学院,五邑大学,0,420,4843.0,6573.0,1306,16,1.0,60.0,13.0,1.0,0.0,0.0,3.0,600.0,3.0,0.0,1.0,0.0,1500,0.44749403341288785,2650.0,96.0,2640.0,0.0,3023.0,2554.0,1322,366.33888048411495,全国赛
南部赛区,84,【南部赛区】第84场,1,1778989377538,蓝,华南农业大学,东莞理工学院,1,420,6026.0,6093.0,1439,41,4.0,140.0,18.666666666666668,1.0,1.0,2.0,2.0,400.0,2.0,0.0,1.0,1.0,955,0.28490453460620524,3335.0,249.0,4389.0,0.0,4962.0,3086.0,1480,407.16216216216213,全国赛
南部赛区,84,【南部赛区】第84场,2,1778990147563,蓝,华南农业大学,东莞理工学院,1,351,9483.0,4429.0,1599,25,3.0,95.0,13.666666666666666,1.0,1.0,1.0,2.0,400.0,2.0,0.0,1.0,0.0,662,0.23575498575498577,3025.0,1011.0,4471.0,0.0,5614.0,2014.0,1624,583.9285714285714,全国赛
南部赛区,85,【南部赛区】第85场,1,1778994160323,蓝,广东工业大学,武汉工程大学,0,420,5826.0,4904.0,1423,15,0.0,0.0,0.0,0.0,0.0,0.0,3.0,600.0,3.0,0.0,0.0,0.0,433,0.1291766109785203,875.0,59.0,4100.0,0.0,5299.0,816.0,1438,405.14603616133525,复活赛
南部赛区,85,【南部赛区】第85场,2,1778994852887,蓝,广东工业大学,武汉工程大学,0,420,4734.0,6413.0,730,24,2.0,148.0,32.0,1.0,1.0,0.0,4.0,800.0,4.0,0.0,1.0,0.0,434,0.12947494033412887,2700.0,462.0,3437.0,0.0,3990.0,2238.0,754,627.8514588859417,复活赛
南部赛区,86,【南部赛区】第86场,1,1778995779610,蓝,南华大学,深圳大学,0,420,6239.0,7303.0,2100,27,4.0,92.0,16.0,1.0,1.0,2.0,0.0,0.0,0.0,0.0,0.0,0.0,1226,0.36575178997613367,3855.0,636.0,1573.0,0.0,3349.0,3219.0,2127,293.3239304184297,复活赛
南部赛区,86,【南部赛区】第86场,2,1778996642903,蓝,南华大学,深圳大学,0,420,4943.0,6710.0,1554,20,5.0,87.0,18.0,1.0,1.0,3.0,0.0,0.0,0.0,0.0,0.0,0.0,1457,0.4346658711217184,3840.0,608.0,3640.0,0.0,4155.0,3232.0,1574,314.04066073697584,复活赛
南部赛区,87,【南部赛区】第87场,1,1778998192727,蓝,东莞理工学院,广州城市理工学院,1,420,6713.0,5605.0,1102,20,1.0,48.0,8.0,1.0,0.0,0.0,0.0,0.0,0.0,0.0,1.0,1.0,507,0.15125298329355608,2725.0,488.0,3860.0,0.0,4889.0,2237.0,1122,598.306595365419,全国赛
南部赛区,87,【南部赛区】第87场,2,1778998916450,蓝,东莞理工学院,广州城市理工学院,0,420,4399.0,5215.0,1013,20,0.0,0.0,0.0,0.0,0.0,0.0,0.0,0.0,0.0,0.0,1.0,3.0,337,0.10053699284009547,875.0,100.0,3700.0,0.0,4442.0,775.0,1033,425.84704743465636,全国赛
南部赛区,87,【南部赛区】第87场,3,1779000203795,蓝,东莞理工学院,广州城市理工学院,0,420,5229.0,5614.0,1186,20,3.0,53.0,13.333333333333334,1.0,1.0,1.0,0.0,0.0,0.0,0.0,1.0,2.0,475,0.14170644391408116,3625.0,876.0,3425.0,0.0,4707.0,2749.0,1206,433.58208955223876,全国赛
南部赛区,87,【南部赛区】第87场,4,1779000910062,蓝,东莞理工学院,广州城市理工学院,0,420,4586.0,4416.0,1143,40,3.0,55.0,12.0,1.0,1.0,1.0,0.0,0.0,0.0,0.0,2.0,3.0,641,0.19122911694510739,3825.0,9.0,4050.0,0.0,5259.0,3816.0,1183,387.65849535080304,全国赛
南部赛区,88,【南部赛区】第88场,1,1779001883111,蓝,华南农业大学,五邑大学,1,420,7776.0,5044.0,1479,51,3.0,106.0,14.0,1.0,1.0,1.0,3.0,600.0,3.0,0.0,2.0,0.0,1384,0.4128878281622912,3450.0,1581.0,4226.0,0.0,5356.0,1869.0,1530,508.235294117647,全国赛
南部赛区,88,【南部赛区】第88场,2,1779002815710,蓝,华南农业大学,五邑大学,1,420,7409.0,6756.0,1635,21,4.0,95.0,16.0,1.0,1.0,2.0,2.0,400.0,2.0,0.0,1.0,0.0,1474,0.43973747016706444,3975.0,289.0,3351.0,0.0,4478.0,3686.0,1656,447.4033816425121,全国赛
南部赛区,88,【南部赛区】第88场,3,1779004144178,蓝,华南农业大学,五邑大学,1,420,7696.0,5081.0,1217,33,4.0,89.0,12.0,1.0,1.0,2.0,4.0,800.0,4.0,0.0,1.0,0.0,1082,0.32279236276849643,4215.0,321.0,4550.0,0.0,5591.0,3894.0,1250,615.68,全国赛
